Location ID From;Location ID To;Driving Time (s);Distance (m)
1;1;0;0
1;2;1268;16544
1;3;1268;16544
1;4;1268;16544
1;5;1256;16469
1;6;1126;15924
1;7;1126;15924
1;8;1235;16384
1;9;1235;16384
1;10;1235;16384
1;11;1235;16384
1;12;1235;16384
1;13;1235;16384
1;14;1121;15906
1;15;1112;15870
1;16;1096;15803
1;17;1179;16143
1;18;1202;16238
1;19;1193;16200
1;20;1139;15977
1;21;1139;15977
1;22;1139;15977
1;23;1139;15975
1;24;1188;16181
1;25;1200;16231
1;26;1200;16232
1;27;1217;17434
1;28;1225;17467
1;29;1250;17572
1;30;1249;17567
1;31;1251;17574
1;32;1317;17853
1;33;1478;18181
1;34;1498;18264
1;35;1497;18260
1;36;1560;18529
1;37;1560;18529
1;38;1570;18572
1;39;1624;18798
1;40;1620;18781
1;41;1464;19368
1;42;1482;19445
1;43;1413;19158
1;44;1407;19136
1;45;1397;19090
1;46;1345;18874
1;47;1295;18667
1;48;1315;18752
1;49;1307;18717
1;50;1386;19055
1;51;1388;19064
1;52;1420;19193
1;53;1450;19317
1;54;1482;19452
1;55;1507;19552
1;56;1454;19336
1;57;1524;19631
1;58;1515;18685
1;59;1444;19292
1;60;1437;19262
1;61;1401;19113
1;62;1356;18923
1;63;1356;18924
1;64;1351;18909
1;65;1367;18977
1;66;1350;18904
1;67;1363;18955
1;68;1285;18622
1;69;1304;18702
1;70;1396;19088
1;71;1406;19128
1;72;1386;19045
1;73;1371;18984
1;74;1358;18928
1;75;1361;18940
1;76;1368;18971
1;77;1212;17415
2;1;1267;16585
2;2;0;0
2;3;0;0
2;4;0;0
2;5;127;528
2;6;203;847
2;7;203;847
2;8;184;769
2;9;184;769
2;10;184;769
2;11;184;769
2;12;184;769
2;13;184;769
2;14;278;1159
2;15;269;1123
2;16;253;1056
2;17;372;1548
2;18;395;1643
2;19;386;1605
2;20;332;1382
2;21;332;1382
2;22;332;1382
2;23;332;1380
2;24;381;1586
2;25;393;1636
2;26;393;1637
2;27;392;2561
2;28;400;2594
2;29;425;2699
2;30;424;2694
2;31;426;2701
2;32;492;2980
2;33;631;2993
2;34;651;3076
2;35;650;3072
2;36;713;3341
2;37;713;3341
2;38;723;3384
2;39;777;3610
2;40;773;3593
2;41;639;4495
2;42;657;4572
2;43;588;4285
2;44;582;4263
2;45;572;4217
2;46;520;4001
2;47;470;3794
2;48;490;3879
2;49;482;3844
2;50;561;4182
2;51;563;4191
2;52;595;4320
2;53;625;4444
2;54;657;4579
2;55;682;4679
2;56;629;4463
2;57;699;4758
2;58;690;3812
2;59;619;4419
2;60;612;4389
2;61;576;4240
2;62;531;4050
2;63;531;4051
2;64;526;4036
2;65;542;4104
2;66;525;4031
2;67;538;4082
2;68;460;3749
2;69;479;3829
2;70;571;4215
2;71;581;4255
2;72;561;4172
2;73;546;4111
2;74;533;4055
2;75;536;4067
2;76;543;4098
2;77;387;2542
3;1;1267;16585
3;2;0;0
3;3;0;0
3;4;0;0
3;5;127;528
3;6;203;847
3;7;203;847
3;8;184;769
3;9;184;769
3;10;184;769
3;11;184;769
3;12;184;769
3;13;184;769
3;14;278;1159
3;15;269;1123
3;16;253;1056
3;17;372;1548
3;18;395;1643
3;19;386;1605
3;20;332;1382
3;21;332;1382
3;22;332;1382
3;23;332;1380
3;24;381;1586
3;25;393;1636
3;26;393;1637
3;27;392;2561
3;28;400;2594
3;29;425;2699
3;30;424;2694
3;31;426;2701
3;32;492;2980
3;33;631;2993
3;34;651;3076
3;35;650;3072
3;36;713;3341
3;37;713;3341
3;38;723;3384
3;39;777;3610
3;40;773;3593
3;41;639;4495
3;42;657;4572
3;43;588;4285
3;44;582;4263
3;45;572;4217
3;46;520;4001
3;47;470;3794
3;48;490;3879
3;49;482;3844
3;50;561;4182
3;51;563;4191
3;52;595;4320
3;53;625;4444
3;54;657;4579
3;55;682;4679
3;56;629;4463
3;57;699;4758
3;58;690;3812
3;59;619;4419
3;60;612;4389
3;61;576;4240
3;62;531;4050
3;63;531;4051
3;64;526;4036
3;65;542;4104
3;66;525;4031
3;67;538;4082
3;68;460;3749
3;69;479;3829
3;70;571;4215
3;71;581;4255
3;72;561;4172
3;73;546;4111
3;74;533;4055
3;75;536;4067
3;76;543;4098
3;77;387;2542
4;1;1267;16585
4;2;0;0
4;3;0;0
4;4;0;0
4;5;127;528
4;6;203;847
4;7;203;847
4;8;184;769
4;9;184;769
4;10;184;769
4;11;184;769
4;12;184;769
4;13;184;769
4;14;278;1159
4;15;269;1123
4;16;253;1056
4;17;372;1548
4;18;395;1643
4;19;386;1605
4;20;332;1382
4;21;332;1382
4;22;332;1382
4;23;332;1380
4;24;381;1586
4;25;393;1636
4;26;393;1637
4;27;392;2561
4;28;400;2594
4;29;425;2699
4;30;424;2694
4;31;426;2701
4;32;492;2980
4;33;631;2993
4;34;651;3076
4;35;650;3072
4;36;713;3341
4;37;713;3341
4;38;723;3384
4;39;777;3610
4;40;773;3593
4;41;639;4495
4;42;657;4572
4;43;588;4285
4;44;582;4263
4;45;572;4217
4;46;520;4001
4;47;470;3794
4;48;490;3879
4;49;482;3844
4;50;561;4182
4;51;563;4191
4;52;595;4320
4;53;625;4444
4;54;657;4579
4;55;682;4679
4;56;629;4463
4;57;699;4758
4;58;690;3812
4;59;619;4419
4;60;612;4389
4;61;576;4240
4;62;531;4050
4;63;531;4051
4;64;526;4036
4;65;542;4104
4;66;525;4031
4;67;538;4082
4;68;460;3749
4;69;479;3829
4;70;571;4215
4;71;581;4255
4;72;561;4172
4;73;546;4111
4;74;533;4055
4;75;536;4067
4;76;543;4098
4;77;387;2542
5;1;1262;16598
5;2;127;528
5;3;127;528
5;4;127;528
5;5;0;0
5;6;150;625
5;7;150;625
5;8;131;547
5;9;131;547
5;10;131;547
5;11;131;547
5;12;131;547
5;13;131;547
5;14;225;937
5;15;216;901
5;16;200;834
5;17;319;1326
5;18;342;1421
5;19;333;1383
5;20;279;1160
5;21;279;1160
5;22;279;1160
5;23;279;1158
5;24;328;1364
5;25;340;1414
5;26;340;1415
5;27;339;2339
5;28;347;2372
5;29;372;2477
5;30;371;2472
5;31;373;2479
5;32;439;2758
5;33;690;3627
5;34;710;3710
5;35;709;3706
5;36;772;3975
5;37;772;3975
5;38;782;4018
5;39;836;4244
5;40;832;4227
5;41;586;4273
5;42;604;4350
5;43;535;4063
5;44;529;4041
5;45;519;3995
5;46;467;3779
5;47;417;3572
5;48;437;3657
5;49;429;3622
5;50;508;3960
5;51;510;3969
5;52;542;4098
5;53;572;4222
5;54;604;4357
5;55;629;4457
5;56;576;4241
5;57;646;4536
5;58;637;3590
5;59;566;4197
5;60;559;4167
5;61;523;4018
5;62;478;3828
5;63;478;3829
5;64;473;3814
5;65;489;3882
5;66;472;3809
5;67;485;3860
5;68;407;3527
5;69;426;3607
5;70;518;3993
5;71;528;4033
5;72;508;3950
5;73;493;3889
5;74;480;3833
5;75;483;3845
5;76;490;3876
5;77;334;2320
6;1;1132;16053
6;2;203;847
6;3;203;847
6;4;203;847
6;5;150;625
6;6;0;0
6;7;0;0
6;8;129;540
6;9;129;540
6;10;129;540
6;11;129;540
6;12;129;540
6;13;129;540
6;14;95;392
6;15;86;356
6;16;70;289
6;17;189;781
6;18;212;876
6;19;203;838
6;20;149;615
6;21;149;615
6;22;149;615
6;23;149;613
6;24;198;819
6;25;210;869
6;26;210;870
6;27;209;1794
6;28;217;1827
6;29;242;1932
6;30;241;1927
6;31;243;1934
6;32;309;2213
6;33;610;3467
6;34;630;3550
6;35;629;3546
6;36;692;3815
6;37;692;3815
6;38;702;3858
6;39;756;4084
6;40;752;4067
6;41;456;3728
6;42;474;3805
6;43;405;3518
6;44;399;3496
6;45;389;3450
6;46;337;3234
6;47;287;3027
6;48;307;3112
6;49;299;3077
6;50;378;3415
6;51;380;3424
6;52;412;3553
6;53;442;3677
6;54;474;3812
6;55;499;3912
6;56;446;3696
6;57;516;3991
6;58;507;3045
6;59;436;3652
6;60;429;3622
6;61;393;3473
6;62;348;3283
6;63;348;3284
6;64;343;3269
6;65;359;3337
6;66;342;3264
6;67;355;3315
6;68;277;2982
6;69;296;3062
6;70;388;3448
6;71;398;3488
6;72;378;3405
6;73;363;3344
6;74;350;3288
6;75;353;3300
6;76;360;3331
6;77;204;1775
7;1;1132;16053
7;2;203;847
7;3;203;847
7;4;203;847
7;5;150;625
7;6;0;0
7;7;0;0
7;8;129;540
7;9;129;540
7;10;129;540
7;11;129;540
7;12;129;540
7;13;129;540
7;14;95;392
7;15;86;356
7;16;70;289
7;17;189;781
7;18;212;876
7;19;203;838
7;20;149;615
7;21;149;615
7;22;149;615
7;23;149;613
7;24;198;819
7;25;210;869
7;26;210;870
7;27;209;1794
7;28;217;1827
7;29;242;1932
7;30;241;1927
7;31;243;1934
7;32;309;2213
7;33;610;3467
7;34;630;3550
7;35;629;3546
7;36;692;3815
7;37;692;3815
7;38;702;3858
7;39;756;4084
7;40;752;4067
7;41;456;3728
7;42;474;3805
7;43;405;3518
7;44;399;3496
7;45;389;3450
7;46;337;3234
7;47;287;3027
7;48;307;3112
7;49;299;3077
7;50;378;3415
7;51;380;3424
7;52;412;3553
7;53;442;3677
7;54;474;3812
7;55;499;3912
7;56;446;3696
7;57;516;3991
7;58;507;3045
7;59;436;3652
7;60;429;3622
7;61;393;3473
7;62;348;3283
7;63;348;3284
7;64;343;3269
7;65;359;3337
7;66;342;3264
7;67;355;3315
7;68;277;2982
7;69;296;3062
7;70;388;3448
7;71;398;3488
7;72;378;3405
7;73;363;3344
7;74;350;3288
7;75;353;3300
7;76;360;3331
7;77;204;1775
8;1;1241;16513
8;2;184;769
8;3;184;769
8;4;184;769
8;5;131;547
8;6;129;540
8;7;129;540
8;8;0;0
8;9;0;0
8;10;0;0
8;11;0;0
8;12;0;0
8;13;0;0
8;14;204;852
8;15;195;816
8;16;179;749
8;17;298;1241
8;18;321;1336
8;19;312;1298
8;20;258;1075
8;21;258;1075
8;22;258;1075
8;23;258;1073
8;24;307;1279
8;25;319;1329
8;26;319;1330
8;27;318;2254
8;28;326;2287
8;29;351;2392
8;30;350;2387
8;31;352;2394
8;32;418;2673
8;33;719;3927
8;34;739;4010
8;35;738;4006
8;36;801;4275
8;37;801;4275
8;38;811;4318
8;39;865;4544
8;40;861;4527
8;41;565;4188
8;42;583;4265
8;43;514;3978
8;44;508;3956
8;45;498;3910
8;46;446;3694
8;47;396;3487
8;48;416;3572
8;49;408;3537
8;50;487;3875
8;51;489;3884
8;52;521;4013
8;53;551;4137
8;54;583;4272
8;55;608;4372
8;56;555;4156
8;57;625;4451
8;58;616;3505
8;59;545;4112
8;60;538;4082
8;61;502;3933
8;62;457;3743
8;63;457;3744
8;64;452;3729
8;65;468;3797
8;66;451;3724
8;67;464;3775
8;68;386;3442
8;69;405;3522
8;70;497;3908
8;71;507;3948
8;72;487;3865
8;73;472;3804
8;74;459;3748
8;75;462;3760
8;76;469;3791
8;77;313;2235
9;1;1241;16513
9;2;184;769
9;3;184;769
9;4;184;769
9;5;131;547
9;6;129;540
9;7;129;540
9;8;0;0
9;9;0;0
9;10;0;0
9;11;0;0
9;12;0;0
9;13;0;0
9;14;204;852
9;15;195;816
9;16;179;749
9;17;298;1241
9;18;321;1336
9;19;312;1298
9;20;258;1075
9;21;258;1075
9;22;258;1075
9;23;258;1073
9;24;307;1279
9;25;319;1329
9;26;319;1330
9;27;318;2254
9;28;326;2287
9;29;351;2392
9;30;350;2387
9;31;352;2394
9;32;418;2673
9;33;719;3927
9;34;739;4010
9;35;738;4006
9;36;801;4275
9;37;801;4275
9;38;811;4318
9;39;865;4544
9;40;861;4527
9;41;565;4188
9;42;583;4265
9;43;514;3978
9;44;508;3956
9;45;498;3910
9;46;446;3694
9;47;396;3487
9;48;416;3572
9;49;408;3537
9;50;487;3875
9;51;489;3884
9;52;521;4013
9;53;551;4137
9;54;583;4272
9;55;608;4372
9;56;555;4156
9;57;625;4451
9;58;616;3505
9;59;545;4112
9;60;538;4082
9;61;502;3933
9;62;457;3743
9;63;457;3744
9;64;452;3729
9;65;468;3797
9;66;451;3724
9;67;464;3775
9;68;386;3442
9;69;405;3522
9;70;497;3908
9;71;507;3948
9;72;487;3865
9;73;472;3804
9;74;459;3748
9;75;462;3760
9;76;469;3791
9;77;313;2235
10;1;1241;16513
10;2;184;769
10;3;184;769
10;4;184;769
10;5;131;547
10;6;129;540
10;7;129;540
10;8;0;0
10;9;0;0
10;10;0;0
10;11;0;0
10;12;0;0
10;13;0;0
10;14;204;852
10;15;195;816
10;16;179;749
10;17;298;1241
10;18;321;1336
10;19;312;1298
10;20;258;1075
10;21;258;1075
10;22;258;1075
10;23;258;1073
10;24;307;1279
10;25;319;1329
10;26;319;1330
10;27;318;2254
10;28;326;2287
10;29;351;2392
10;30;350;2387
10;31;352;2394
10;32;418;2673
10;33;719;3927
10;34;739;4010
10;35;738;4006
10;36;801;4275
10;37;801;4275
10;38;811;4318
10;39;865;4544
10;40;861;4527
10;41;565;4188
10;42;583;4265
10;43;514;3978
10;44;508;3956
10;45;498;3910
10;46;446;3694
10;47;396;3487
10;48;416;3572
10;49;408;3537
10;50;487;3875
10;51;489;3884
10;52;521;4013
10;53;551;4137
10;54;583;4272
10;55;608;4372
10;56;555;4156
10;57;625;4451
10;58;616;3505
10;59;545;4112
10;60;538;4082
10;61;502;3933
10;62;457;3743
10;63;457;3744
10;64;452;3729
10;65;468;3797
10;66;451;3724
10;67;464;3775
10;68;386;3442
10;69;405;3522
10;70;497;3908
10;71;507;3948
10;72;487;3865
10;73;472;3804
10;74;459;3748
10;75;462;3760
10;76;469;3791
10;77;313;2235
11;1;1241;16513
11;2;184;769
11;3;184;769
11;4;184;769
11;5;131;547
11;6;129;540
11;7;129;540
11;8;0;0
11;9;0;0
11;10;0;0
11;11;0;0
11;12;0;0
11;13;0;0
11;14;204;852
11;15;195;816
11;16;179;749
11;17;298;1241
11;18;321;1336
11;19;312;1298
11;20;258;1075
11;21;258;1075
11;22;258;1075
11;23;258;1073
11;24;307;1279
11;25;319;1329
11;26;319;1330
11;27;318;2254
11;28;326;2287
11;29;351;2392
11;30;350;2387
11;31;352;2394
11;32;418;2673
11;33;719;3927
11;34;739;4010
11;35;738;4006
11;36;801;4275
11;37;801;4275
11;38;811;4318
11;39;865;4544
11;40;861;4527
11;41;565;4188
11;42;583;4265
11;43;514;3978
11;44;508;3956
11;45;498;3910
11;46;446;3694
11;47;396;3487
11;48;416;3572
11;49;408;3537
11;50;487;3875
11;51;489;3884
11;52;521;4013
11;53;551;4137
11;54;583;4272
11;55;608;4372
11;56;555;4156
11;57;625;4451
11;58;616;3505
11;59;545;4112
11;60;538;4082
11;61;502;3933
11;62;457;3743
11;63;457;3744
11;64;452;3729
11;65;468;3797
11;66;451;3724
11;67;464;3775
11;68;386;3442
11;69;405;3522
11;70;497;3908
11;71;507;3948
11;72;487;3865
11;73;472;3804
11;74;459;3748
11;75;462;3760
11;76;469;3791
11;77;313;2235
12;1;1241;16513
12;2;184;769
12;3;184;769
12;4;184;769
12;5;131;547
12;6;129;540
12;7;129;540
12;8;0;0
12;9;0;0
12;10;0;0
12;11;0;0
12;12;0;0
12;13;0;0
12;14;204;852
12;15;195;816
12;16;179;749
12;17;298;1241
12;18;321;1336
12;19;312;1298
12;20;258;1075
12;21;258;1075
12;22;258;1075
12;23;258;1073
12;24;307;1279
12;25;319;1329
12;26;319;1330
12;27;318;2254
12;28;326;2287
12;29;351;2392
12;30;350;2387
12;31;352;2394
12;32;418;2673
12;33;719;3927
12;34;739;4010
12;35;738;4006
12;36;801;4275
12;37;801;4275
12;38;811;4318
12;39;865;4544
12;40;861;4527
12;41;565;4188
12;42;583;4265
12;43;514;3978
12;44;508;3956
12;45;498;3910
12;46;446;3694
12;47;396;3487
12;48;416;3572
12;49;408;3537
12;50;487;3875
12;51;489;3884
12;52;521;4013
12;53;551;4137
12;54;583;4272
12;55;608;4372
12;56;555;4156
12;57;625;4451
12;58;616;3505
12;59;545;4112
12;60;538;4082
12;61;502;3933
12;62;457;3743
12;63;457;3744
12;64;452;3729
12;65;468;3797
12;66;451;3724
12;67;464;3775
12;68;386;3442
12;69;405;3522
12;70;497;3908
12;71;507;3948
12;72;487;3865
12;73;472;3804
12;74;459;3748
12;75;462;3760
12;76;469;3791
12;77;313;2235
13;1;1241;16513
13;2;184;769
13;3;184;769
13;4;184;769
13;5;131;547
13;6;129;540
13;7;129;540
13;8;0;0
13;9;0;0
13;10;0;0
13;11;0;0
13;12;0;0
13;13;0;0
13;14;204;852
13;15;195;816
13;16;179;749
13;17;298;1241
13;18;321;1336
13;19;312;1298
13;20;258;1075
13;21;258;1075
13;22;258;1075
13;23;258;1073
13;24;307;1279
13;25;319;1329
13;26;319;1330
13;27;318;2254
13;28;326;2287
13;29;351;2392
13;30;350;2387
13;31;352;2394
13;32;418;2673
13;33;719;3927
13;34;739;4010
13;35;738;4006
13;36;801;4275
13;37;801;4275
13;38;811;4318
13;39;865;4544
13;40;861;4527
13;41;565;4188
13;42;583;4265
13;43;514;3978
13;44;508;3956
13;45;498;3910
13;46;446;3694
13;47;396;3487
13;48;416;3572
13;49;408;3537
13;50;487;3875
13;51;489;3884
13;52;521;4013
13;53;551;4137
13;54;583;4272
13;55;608;4372
13;56;555;4156
13;57;625;4451
13;58;616;3505
13;59;545;4112
13;60;538;4082
13;61;502;3933
13;62;457;3743
13;63;457;3744
13;64;452;3729
13;65;468;3797
13;66;451;3724
13;67;464;3775
13;68;386;3442
13;69;405;3522
13;70;497;3908
13;71;507;3948
13;72;487;3865
13;73;472;3804
13;74;459;3748
13;75;462;3760
13;76;469;3791
13;77;313;2235
14;1;1127;16035
14;2;278;1159
14;3;278;1159
14;4;278;1159
14;5;225;937
14;6;95;392
14;7;95;392
14;8;204;852
14;9;204;852
14;10;204;852
14;11;204;852
14;12;204;852
14;13;204;852
14;14;0;0
14;15;11;45
14;16;26;110
14;17;184;763
14;18;207;858
14;19;198;820
14;20;144;597
14;21;144;597
14;22;144;597
14;23;144;595
14;24;193;801
14;25;205;851
14;26;205;852
14;27;222;2054
14;28;230;2087
14;29;255;2192
14;30;254;2187
14;31;256;2194
14;32;322;2473
14;33;623;3727
14;34;643;3810
14;35;642;3806
14;36;705;4075
14;37;705;4075
14;38;715;4118
14;39;769;4344
14;40;765;4327
14;41;469;3988
14;42;487;4065
14;43;418;3778
14;44;412;3756
14;45;402;3710
14;46;350;3494
14;47;300;3287
14;48;320;3372
14;49;312;3337
14;50;391;3675
14;51;393;3684
14;52;425;3813
14;53;455;3937
14;54;487;4072
14;55;512;4172
14;56;459;3956
14;57;529;4251
14;58;520;3305
14;59;449;3912
14;60;442;3882
14;61;406;3733
14;62;361;3543
14;63;361;3544
14;64;356;3529
14;65;372;3597
14;66;355;3524
14;67;368;3575
14;68;290;3242
14;69;309;3322
14;70;401;3708
14;71;411;3748
14;72;391;3665
14;73;376;3604
14;74;363;3548
14;75;366;3560
14;76;373;3591
14;77;217;2035
15;1;1118;15999
15;2;269;1123
15;3;269;1123
15;4;269;1123
15;5;216;901
15;6;86;356
15;7;86;356
15;8;195;816
15;9;195;816
15;10;195;816
15;11;195;816
15;12;195;816
15;13;195;816
15;14;11;45
15;15;0;0
15;16;17;74
15;17;175;727
15;18;198;822
15;19;189;784
15;20;135;561
15;21;135;561
15;22;135;561
15;23;135;559
15;24;184;765
15;25;196;815
15;26;196;816
15;27;213;2018
15;28;221;2051
15;29;246;2156
15;30;245;2151
15;31;247;2158
15;32;313;2437
15;33;614;3691
15;34;634;3774
15;35;633;3770
15;36;696;4039
15;37;696;4039
15;38;706;4082
15;39;760;4308
15;40;756;4291
15;41;460;3952
15;42;478;4029
15;43;409;3742
15;44;403;3720
15;45;393;3674
15;46;341;3458
15;47;291;3251
15;48;311;3336
15;49;303;3301
15;50;382;3639
15;51;384;3648
15;52;416;3777
15;53;446;3901
15;54;478;4036
15;55;503;4136
15;56;450;3920
15;57;520;4215
15;58;511;3269
15;59;440;3876
15;60;433;3846
15;61;397;3697
15;62;352;3507
15;63;352;3508
15;64;347;3493
15;65;363;3561
15;66;346;3488
15;67;359;3539
15;68;281;3206
15;69;300;3286
15;70;392;3672
15;71;402;3712
15;72;382;3629
15;73;367;3568
15;74;354;3512
15;75;357;3524
15;76;364;3555
15;77;208;1999
16;1;1102;15932
16;2;253;1056
16;3;253;1056
16;4;253;1056
16;5;200;834
16;6;70;289
16;7;70;289
16;8;179;749
16;9;179;749
16;10;179;749
16;11;179;749
16;12;179;749
16;13;179;749
16;14;26;110
16;15;17;74
16;16;0;0
16;17;159;660
16;18;182;755
16;19;173;717
16;20;119;494
16;21;119;494
16;22;119;494
16;23;119;492
16;24;168;698
16;25;180;748
16;26;180;749
16;27;197;1951
16;28;205;1984
16;29;230;2089
16;30;229;2084
16;31;231;2091
16;32;297;2370
16;33;598;3624
16;34;618;3707
16;35;617;3703
16;36;680;3972
16;37;680;3972
16;38;690;4015
16;39;744;4241
16;40;740;4224
16;41;444;3885
16;42;462;3962
16;43;393;3675
16;44;387;3653
16;45;377;3607
16;46;325;3391
16;47;275;3184
16;48;295;3269
16;49;287;3234
16;50;366;3572
16;51;368;3581
16;52;400;3710
16;53;430;3834
16;54;462;3969
16;55;487;4069
16;56;434;3853
16;57;504;4148
16;58;495;3202
16;59;424;3809
16;60;417;3779
16;61;381;3630
16;62;336;3440
16;63;336;3441
16;64;331;3426
16;65;347;3494
16;66;330;3421
16;67;343;3472
16;68;265;3139
16;69;284;3219
16;70;376;3605
16;71;386;3645
16;72;366;3562
16;73;351;3501
16;74;338;3445
16;75;341;3457
16;76;348;3488
16;77;192;1932
17;1;1185;16272
17;2;372;1548
17;3;372;1548
17;4;372;1548
17;5;319;1326
17;6;189;781
17;7;189;781
17;8;298;1241
17;9;298;1241
17;10;298;1241
17;11;298;1241
17;12;298;1241
17;13;298;1241
17;14;184;763
17;15;175;727
17;16;159;660
17;17;0;0
17;18;33;137
17;19;24;99
17;20;60;254
17;21;60;254
17;22;60;254
17;23;82;342
17;24;163;678
17;25;175;728
17;26;175;729
17;27;280;2291
17;28;288;2324
17;29;313;2429
17;30;312;2424
17;31;314;2431
17;32;380;2710
17;33;681;3964
17;34;701;4047
17;35;700;4043
17;36;763;4312
17;37;763;4312
17;38;773;4355
17;39;827;4581
17;40;823;4564
17;41;527;4225
17;42;545;4302
17;43;476;4015
17;44;470;3993
17;45;460;3947
17;46;408;3731
17;47;358;3524
17;48;378;3609
17;49;370;3574
17;50;449;3912
17;51;451;3921
17;52;483;4050
17;53;513;4174
17;54;545;4309
17;55;570;4409
17;56;517;4193
17;57;587;4488
17;58;578;3542
17;59;507;4149
17;60;500;4119
17;61;464;3970
17;62;419;3780
17;63;419;3781
17;64;414;3766
17;65;430;3834
17;66;413;3761
17;67;426;3812
17;68;348;3479
17;69;367;3559
17;70;459;3945
17;71;469;3985
17;72;449;3902
17;73;434;3841
17;74;421;3785
17;75;424;3797
17;76;431;3828
17;77;275;2272
18;1;1208;16367
18;2;395;1643
18;3;395;1643
18;4;395;1643
18;5;342;1421
18;6;212;876
18;7;212;876
18;8;321;1336
18;9;321;1336
18;10;321;1336
18;11;321;1336
18;12;321;1336
18;13;321;1336
18;14;207;858
18;15;198;822
18;16;182;755
18;17;33;137
18;18;0;0
18;19;18;74
18;20;83;349
18;21;83;349
18;22;83;349
18;23;105;437
18;24;186;773
18;25;198;823
18;26;198;824
18;27;303;2386
18;28;311;2419
18;29;336;2524
18;30;335;2519
18;31;337;2526
18;32;403;2805
18;33;704;4059
18;34;724;4142
18;35;723;4138
18;36;786;4407
18;37;786;4407
18;38;796;4450
18;39;850;4676
18;40;846;4659
18;41;550;4320
18;42;568;4397
18;43;499;4110
18;44;493;4088
18;45;483;4042
18;46;431;3826
18;47;381;3619
18;48;401;3704
18;49;393;3669
18;50;472;4007
18;51;474;4016
18;52;506;4145
18;53;536;4269
18;54;568;4404
18;55;593;4504
18;56;540;4288
18;57;610;4583
18;58;601;3637
18;59;530;4244
18;60;523;4214
18;61;487;4065
18;62;442;3875
18;63;442;3876
18;64;437;3861
18;65;453;3929
18;66;436;3856
18;67;449;3907
18;68;371;3574
18;69;390;3654
18;70;482;4040
18;71;492;4080
18;72;472;3997
18;73;457;3936
18;74;444;3880
18;75;447;3892
18;76;454;3923
18;77;298;2367
19;1;1199;16329
19;2;386;1605
19;3;386;1605
19;4;386;1605
19;5;333;1383
19;6;203;838
19;7;203;838
19;8;312;1298
19;9;312;1298
19;10;312;1298
19;11;312;1298
19;12;312;1298
19;13;312;1298
19;14;198;820
19;15;189;784
19;16;173;717
19;17;24;99
19;18;18;74
19;19;0;0
19;20;74;311
19;21;74;311
19;22;74;311
19;23;96;399
19;24;177;735
19;25;189;785
19;26;189;786
19;27;294;2348
19;28;302;2381
19;29;327;2486
19;30;326;2481
19;31;328;2488
19;32;394;2767
19;33;695;4021
19;34;715;4104
19;35;714;4100
19;36;777;4369
19;37;777;4369
19;38;787;4412
19;39;841;4638
19;40;837;4621
19;41;541;4282
19;42;559;4359
19;43;490;4072
19;44;484;4050
19;45;474;4004
19;46;422;3788
19;47;372;3581
19;48;392;3666
19;49;384;3631
19;50;463;3969
19;51;465;3978
19;52;497;4107
19;53;527;4231
19;54;559;4366
19;55;584;4466
19;56;531;4250
19;57;601;4545
19;58;592;3599
19;59;521;4206
19;60;514;4176
19;61;478;4027
19;62;433;3837
19;63;433;3838
19;64;428;3823
19;65;444;3891
19;66;427;3818
19;67;440;3869
19;68;362;3536
19;69;381;3616
19;70;473;4002
19;71;483;4042
19;72;463;3959
19;73;448;3898
19;74;435;3842
19;75;438;3854
19;76;445;3885
19;77;289;2329
20;1;1145;16106
20;2;332;1382
20;3;332;1382
20;4;332;1382
20;5;279;1160
20;6;149;615
20;7;149;615
20;8;258;1075
20;9;258;1075
20;10;258;1075
20;11;258;1075
20;12;258;1075
20;13;258;1075
20;14;144;597
20;15;135;561
20;16;119;494
20;17;60;254
20;18;83;349
20;19;74;311
20;20;0;0
20;21;0;0
20;22;0;0
20;23;42;176
20;24;123;512
20;25;135;562
20;26;135;563
20;27;240;2125
20;28;248;2158
20;29;273;2263
20;30;272;2258
20;31;274;2265
20;32;340;2544
20;33;641;3798
20;34;661;3881
20;35;660;3877
20;36;723;4146
20;37;723;4146
20;38;733;4189
20;39;787;4415
20;40;783;4398
20;41;487;4059
20;42;505;4136
20;43;436;3849
20;44;430;3827
20;45;420;3781
20;46;368;3565
20;47;318;3358
20;48;338;3443
20;49;330;3408
20;50;409;3746
20;51;411;3755
20;52;443;3884
20;53;473;4008
20;54;505;4143
20;55;530;4243
20;56;477;4027
20;57;547;4322
20;58;538;3376
20;59;467;3983
20;60;460;3953
20;61;424;3804
20;62;379;3614
20;63;379;3615
20;64;374;3600
20;65;390;3668
20;66;373;3595
20;67;386;3646
20;68;308;3313
20;69;327;3393
20;70;419;3779
20;71;429;3819
20;72;409;3736
20;73;394;3675
20;74;381;3619
20;75;384;3631
20;76;391;3662
20;77;235;2106
21;1;1145;16106
21;2;332;1382
21;3;332;1382
21;4;332;1382
21;5;279;1160
21;6;149;615
21;7;149;615
21;8;258;1075
21;9;258;1075
21;10;258;1075
21;11;258;1075
21;12;258;1075
21;13;258;1075
21;14;144;597
21;15;135;561
21;16;119;494
21;17;60;254
21;18;83;349
21;19;74;311
21;20;0;0
21;21;0;0
21;22;0;0
21;23;42;176
21;24;123;512
21;25;135;562
21;26;135;563
21;27;240;2125
21;28;248;2158
21;29;273;2263
21;30;272;2258
21;31;274;2265
21;32;340;2544
21;33;641;3798
21;34;661;3881
21;35;660;3877
21;36;723;4146
21;37;723;4146
21;38;733;4189
21;39;787;4415
21;40;783;4398
21;41;487;4059
21;42;505;4136
21;43;436;3849
21;44;430;3827
21;45;420;3781
21;46;368;3565
21;47;318;3358
21;48;338;3443
21;49;330;3408
21;50;409;3746
21;51;411;3755
21;52;443;3884
21;53;473;4008
21;54;505;4143
21;55;530;4243
21;56;477;4027
21;57;547;4322
21;58;538;3376
21;59;467;3983
21;60;460;3953
21;61;424;3804
21;62;379;3614
21;63;379;3615
21;64;374;3600
21;65;390;3668
21;66;373;3595
21;67;386;3646
21;68;308;3313
21;69;327;3393
21;70;419;3779
21;71;429;3819
21;72;409;3736
21;73;394;3675
21;74;381;3619
21;75;384;3631
21;76;391;3662
21;77;235;2106
22;1;1145;16106
22;2;332;1382
22;3;332;1382
22;4;332;1382
22;5;279;1160
22;6;149;615
22;7;149;615
22;8;258;1075
22;9;258;1075
22;10;258;1075
22;11;258;1075
22;12;258;1075
22;13;258;1075
22;14;144;597
22;15;135;561
22;16;119;494
22;17;60;254
22;18;83;349
22;19;74;311
22;20;0;0
22;21;0;0
22;22;0;0
22;23;42;176
22;24;123;512
22;25;135;562
22;26;135;563
22;27;240;2125
22;28;248;2158
22;29;273;2263
22;30;272;2258
22;31;274;2265
22;32;340;2544
22;33;641;3798
22;34;661;3881
22;35;660;3877
22;36;723;4146
22;37;723;4146
22;38;733;4189
22;39;787;4415
22;40;783;4398
22;41;487;4059
22;42;505;4136
22;43;436;3849
22;44;430;3827
22;45;420;3781
22;46;368;3565
22;47;318;3358
22;48;338;3443
22;49;330;3408
22;50;409;3746
22;51;411;3755
22;52;443;3884
22;53;473;4008
22;54;505;4143
22;55;530;4243
22;56;477;4027
22;57;547;4322
22;58;538;3376
22;59;467;3983
22;60;460;3953
22;61;424;3804
22;62;379;3614
22;63;379;3615
22;64;374;3600
22;65;390;3668
22;66;373;3595
22;67;386;3646
22;68;308;3313
22;69;327;3393
22;70;419;3779
22;71;429;3819
22;72;409;3736
22;73;394;3675
22;74;381;3619
22;75;384;3631
22;76;391;3662
22;77;235;2106
23;1;1145;16104
23;2;332;1380
23;3;332;1380
23;4;332;1380
23;5;279;1158
23;6;149;613
23;7;149;613
23;8;258;1073
23;9;258;1073
23;10;258;1073
23;11;258;1073
23;12;258;1073
23;13;258;1073
23;14;144;595
23;15;135;559
23;16;119;492
23;17;82;342
23;18;105;437
23;19;96;399
23;20;42;176
23;21;42;176
23;22;42;176
23;23;0;0
23;24;123;510
23;25;135;560
23;26;135;561
23;27;240;2123
23;28;248;2156
23;29;273;2261
23;30;272;2256
23;31;274;2263
23;32;340;2542
23;33;641;3796
23;34;661;3879
23;35;660;3875
23;36;723;4144
23;37;723;4144
23;38;733;4187
23;39;787;4413
23;40;783;4396
23;41;487;4057
23;42;505;4134
23;43;436;3847
23;44;430;3825
23;45;420;3779
23;46;368;3563
23;47;318;3356
23;48;338;3441
23;49;330;3406
23;50;409;3744
23;51;411;3753
23;52;443;3882
23;53;473;4006
23;54;505;4141
23;55;530;4241
23;56;477;4025
23;57;547;4320
23;58;538;3374
23;59;467;3981
23;60;460;3951
23;61;424;3802
23;62;379;3612
23;63;379;3613
23;64;374;3598
23;65;390;3666
23;66;373;3593
23;67;386;3644
23;68;308;3311
23;69;327;3391
23;70;419;3777
23;71;429;3817
23;72;409;3734
23;73;394;3673
23;74;381;3617
23;75;384;3629
23;76;391;3660
23;77;235;2104
24;1;1194;16310
24;2;381;1586
24;3;381;1586
24;4;381;1586
24;5;328;1364
24;6;198;819
24;7;198;819
24;8;307;1279
24;9;307;1279
24;10;307;1279
24;11;307;1279
24;12;307;1279
24;13;307;1279
24;14;193;801
24;15;184;765
24;16;168;698
24;17;163;678
24;18;186;773
24;19;177;735
24;20;123;512
24;21;123;512
24;22;123;512
24;23;123;510
24;24;0;0
24;25;42;174
24;26;54;229
24;27;289;2329
24;28;297;2362
24;29;322;2467
24;30;321;2462
24;31;323;2469
24;32;389;2748
24;33;690;4002
24;34;710;4085
24;35;709;4081
24;36;772;4350
24;37;772;4350
24;38;782;4393
24;39;836;4619
24;40;832;4602
24;41;536;4263
24;42;554;4340
24;43;485;4053
24;44;479;4031
24;45;469;3985
24;46;417;3769
24;47;367;3562
24;48;387;3647
24;49;379;3612
24;50;458;3950
24;51;460;3959
24;52;492;4088
24;53;522;4212
24;54;554;4347
24;55;579;4447
24;56;526;4231
24;57;596;4526
24;58;587;3580
24;59;516;4187
24;60;509;4157
24;61;473;4008
24;62;428;3818
24;63;428;3819
24;64;423;3804
24;65;439;3872
24;66;422;3799
24;67;435;3850
24;68;357;3517
24;69;376;3597
24;70;468;3983
24;71;478;4023
24;72;458;3940
24;73;443;3879
24;74;430;3823
24;75;433;3835
24;76;440;3866
24;77;284;2310
25;1;1206;16360
25;2;393;1636
25;3;393;1636
25;4;393;1636
25;5;340;1414
25;6;210;869
25;7;210;869
25;8;319;1329
25;9;319;1329
25;10;319;1329
25;11;319;1329
25;12;319;1329
25;13;319;1329
25;14;205;851
25;15;196;815
25;16;180;748
25;17;175;728
25;18;198;823
25;19;189;785
25;20;135;562
25;21;135;562
25;22;135;562
25;23;135;560
25;24;42;174
25;25;0;0
25;26;66;279
25;27;301;2379
25;28;309;2412
25;29;334;2517
25;30;333;2512
25;31;335;2519
25;32;401;2798
25;33;702;4052
25;34;722;4135
25;35;721;4131
25;36;784;4400
25;37;784;4400
25;38;794;4443
25;39;848;4669
25;40;844;4652
25;41;548;4313
25;42;566;4390
25;43;497;4103
25;44;491;4081
25;45;481;4035
25;46;429;3819
25;47;379;3612
25;48;399;3697
25;49;391;3662
25;50;470;4000
25;51;472;4009
25;52;504;4138
25;53;534;4262
25;54;566;4397
25;55;591;4497
25;56;538;4281
25;57;608;4576
25;58;599;3630
25;59;528;4237
25;60;521;4207
25;61;485;4058
25;62;440;3868
25;63;440;3869
25;64;435;3854
25;65;451;3922
25;66;434;3849
25;67;447;3900
25;68;369;3567
25;69;388;3647
25;70;480;4033
25;71;490;4073
25;72;470;3990
25;73;455;3929
25;74;442;3873
25;75;445;3885
25;76;452;3916
25;77;296;2360
26;1;1206;16361
26;2;393;1637
26;3;393;1637
26;4;393;1637
26;5;340;1415
26;6;210;870
26;7;210;870
26;8;319;1330
26;9;319;1330
26;10;319;1330
26;11;319;1330
26;12;319;1330
26;13;319;1330
26;14;205;852
26;15;196;816
26;16;180;749
26;17;175;729
26;18;198;824
26;19;189;786
26;20;135;563
26;21;135;563
26;22;135;563
26;23;135;561
26;24;54;229
26;25;66;279
26;26;0;0
26;27;301;2380
26;28;309;2413
26;29;334;2518
26;30;333;2513
26;31;335;2520
26;32;401;2799
26;33;702;4053
26;34;722;4136
26;35;721;4132
26;36;784;4401
26;37;784;4401
26;38;794;4444
26;39;848;4670
26;40;844;4653
26;41;548;4314
26;42;566;4391
26;43;497;4104
26;44;491;4082
26;45;481;4036
26;46;429;3820
26;47;379;3613
26;48;399;3698
26;49;391;3663
26;50;470;4001
26;51;472;4010
26;52;504;4139
26;53;534;4263
26;54;566;4398
26;55;591;4498
26;56;538;4282
26;57;608;4577
26;58;599;3631
26;59;528;4238
26;60;521;4208
26;61;485;4059
26;62;440;3869
26;63;440;3870
26;64;435;3855
26;65;451;3923
26;66;434;3850
26;67;447;3901
26;68;369;3568
26;69;388;3648
26;70;480;4034
26;71;490;4074
26;72;470;3991
26;73;455;3930
26;74;442;3874
26;75;445;3886
26;76;452;3917
26;77;296;2361
27;1;1220;17547
27;2;389;2545
27;3;389;2545
27;4;389;2545
27;5;336;2323
27;6;206;1778
27;7;206;1778
27;8;315;2238
27;9;315;2238
27;10;315;2238
27;11;315;2238
27;12;315;2238
27;13;315;2238
27;14;219;2038
27;15;210;2002
27;16;194;1935
27;17;277;2275
27;18;300;2370
27;19;291;2332
27;20;237;2109
27;21;237;2109
27;22;237;2109
27;23;237;2107
27;24;286;2313
27;25;298;2363
27;26;298;2364
27;27;0;0
27;28;8;35
27;29;38;157
27;30;39;161
27;31;34;142
27;32;238;999
27;33;539;2253
27;34;559;2336
27;35;558;2332
27;36;621;2601
27;37;621;2601
27;38;631;2644
27;39;685;2870
27;40;681;2853
27;41;385;2514
27;42;403;2591
27;43;334;2304
27;44;328;2282
27;45;318;2236
27;46;266;2020
27;47;216;1813
27;48;236;1898
27;49;228;1863
27;50;307;2201
27;51;309;2210
27;52;341;2339
27;53;371;2463
27;54;403;2598
27;55;428;2698
27;56;375;2482
27;57;445;2777
27;58;436;1831
27;59;365;2438
27;60;358;2408
27;61;322;2259
27;62;277;2069
27;63;277;2070
27;64;272;2055
27;65;288;2123
27;66;271;2050
27;67;284;2101
27;68;206;1768
27;69;225;1848
27;70;317;2234
27;71;327;2274
27;72;307;2191
27;73;292;2130
27;74;279;2074
27;75;282;2086
27;76;289;2117
27;77;19;81
28;1;1228;17580
28;2;397;2578
28;3;397;2578
28;4;397;2578
28;5;344;2356
28;6;214;1811
28;7;214;1811
28;8;323;2271
28;9;323;2271
28;10;323;2271
28;11;323;2271
28;12;323;2271
28;13;323;2271
28;14;227;2071
28;15;218;2035
28;16;202;1968
28;17;285;2308
28;18;308;2403
28;19;299;2365
28;20;245;2142
28;21;245;2142
28;22;245;2142
28;23;245;2140
28;24;294;2346
28;25;306;2396
28;26;306;2397
28;27;8;35
28;28;0;0
28;29;30;124
28;30;31;128
28;31;26;109
28;32;246;1032
28;33;547;2286
28;34;567;2369
28;35;566;2365
28;36;629;2634
28;37;629;2634
28;38;639;2677
28;39;693;2903
28;40;689;2886
28;41;393;2547
28;42;411;2624
28;43;342;2337
28;44;336;2315
28;45;326;2269
28;46;274;2053
28;47;224;1846
28;48;244;1931
28;49;236;1896
28;50;315;2234
28;51;317;2243
28;52;349;2372
28;53;379;2496
28;54;411;2631
28;55;436;2731
28;56;383;2515
28;57;453;2810
28;58;444;1864
28;59;373;2471
28;60;366;2441
28;61;330;2292
28;62;285;2102
28;63;285;2103
28;64;280;2088
28;65;296;2156
28;66;279;2083
28;67;292;2134
28;68;214;1801
28;69;233;1881
28;70;325;2267
28;71;335;2307
28;72;315;2224
28;73;300;2163
28;74;287;2107
28;75;290;2119
28;76;297;2150
28;77;27;114
29;1;1253;17685
29;2;422;2683
29;3;422;2683
29;4;422;2683
29;5;369;2461
29;6;239;1916
29;7;239;1916
29;8;348;2376
29;9;348;2376
29;10;348;2376
29;11;348;2376
29;12;348;2376
29;13;348;2376
29;14;252;2176
29;15;243;2140
29;16;227;2073
29;17;310;2413
29;18;333;2508
29;19;324;2470
29;20;270;2247
29;21;270;2247
29;22;270;2247
29;23;270;2245
29;24;319;2451
29;25;331;2501
29;26;331;2502
29;27;38;157
29;28;30;124
29;29;0;0
29;30;1;6
29;31;4;15
29;32;271;1137
29;33;572;2391
29;34;592;2474
29;35;591;2470
29;36;654;2739
29;37;654;2739
29;38;664;2782
29;39;718;3008
29;40;714;2991
29;41;418;2652
29;42;436;2729
29;43;367;2442
29;44;361;2420
29;45;351;2374
29;46;299;2158
29;47;249;1951
29;48;269;2036
29;49;261;2001
29;50;340;2339
29;51;342;2348
29;52;374;2477
29;53;404;2601
29;54;436;2736
29;55;461;2836
29;56;408;2620
29;57;478;2915
29;58;469;1969
29;59;398;2576
29;60;391;2546
29;61;355;2397
29;62;310;2207
29;63;310;2208
29;64;305;2193
29;65;321;2261
29;66;304;2188
29;67;317;2239
29;68;239;1906
29;69;258;1986
29;70;350;2372
29;71;360;2412
29;72;340;2329
29;73;325;2268
29;74;312;2212
29;75;315;2224
29;76;322;2255
29;77;56;236
30;1;1252;17680
30;2;421;2678
30;3;421;2678
30;4;421;2678
30;5;368;2456
30;6;238;1911
30;7;238;1911
30;8;347;2371
30;9;347;2371
30;10;347;2371
30;11;347;2371
30;12;347;2371
30;13;347;2371
30;14;251;2171
30;15;242;2135
30;16;226;2068
30;17;309;2408
30;18;332;2503
30;19;323;2465
30;20;269;2242
30;21;269;2242
30;22;269;2242
30;23;269;2240
30;24;318;2446
30;25;330;2496
30;26;330;2497
30;27;39;161
30;28;31;128
30;29;1;6
30;30;0;0
30;31;5;19
30;32;270;1132
30;33;571;2386
30;34;591;2469
30;35;590;2465
30;36;653;2734
30;37;653;2734
30;38;663;2777
30;39;717;3003
30;40;713;2986
30;41;417;2647
30;42;435;2724
30;43;366;2437
30;44;360;2415
30;45;350;2369
30;46;298;2153
30;47;248;1946
30;48;268;2031
30;49;260;1996
30;50;339;2334
30;51;341;2343
30;52;373;2472
30;53;403;2596
30;54;435;2731
30;55;460;2831
30;56;407;2615
30;57;477;2910
30;58;468;1964
30;59;397;2571
30;60;390;2541
30;61;354;2392
30;62;309;2202
30;63;309;2203
30;64;304;2188
30;65;320;2256
30;66;303;2183
30;67;316;2234
30;68;238;1901
30;69;257;1981
30;70;349;2367
30;71;359;2407
30;72;339;2324
30;73;324;2263
30;74;311;2207
30;75;314;2219
30;76;321;2250
30;77;57;240
31;1;1254;17687
31;2;423;2685
31;3;423;2685
31;4;423;2685
31;5;370;2463
31;6;240;1918
31;7;240;1918
31;8;349;2378
31;9;349;2378
31;10;349;2378
31;11;349;2378
31;12;349;2378
31;13;349;2378
31;14;253;2178
31;15;244;2142
31;16;228;2075
31;17;311;2415
31;18;334;2510
31;19;325;2472
31;20;271;2249
31;21;271;2249
31;22;271;2249
31;23;271;2247
31;24;320;2453
31;25;332;2503
31;26;332;2504
31;27;34;142
31;28;26;109
31;29;4;15
31;30;5;19
31;31;0;0
31;32;272;1139
31;33;573;2393
31;34;593;2476
31;35;592;2472
31;36;655;2741
31;37;655;2741
31;38;665;2784
31;39;719;3010
31;40;715;2993
31;41;419;2654
31;42;437;2731
31;43;368;2444
31;44;362;2422
31;45;352;2376
31;46;300;2160
31;47;250;1953
31;48;270;2038
31;49;262;2003
31;50;341;2341
31;51;343;2350
31;52;375;2479
31;53;405;2603
31;54;437;2738
31;55;462;2838
31;56;409;2622
31;57;479;2917
31;58;470;1971
31;59;399;2578
31;60;392;2548
31;61;356;2399
31;62;311;2209
31;63;311;2210
31;64;306;2195
31;65;322;2263
31;66;305;2190
31;67;318;2241
31;68;240;1908
31;69;259;1988
31;70;351;2374
31;71;361;2414
31;72;341;2331
31;73;326;2270
31;74;313;2214
31;75;316;2226
31;76;323;2257
31;77;53;221
32;1;1326;17994
32;2;495;2992
32;3;495;2992
32;4;495;2992
32;5;442;2770
32;6;312;2225
32;7;312;2225
32;8;421;2685
32;9;421;2685
32;10;421;2685
32;11;421;2685
32;12;421;2685
32;13;421;2685
32;14;325;2485
32;15;316;2449
32;16;300;2382
32;17;383;2722
32;18;406;2817
32;19;397;2779
32;20;343;2556
32;21;343;2556
32;22;343;2556
32;23;343;2554
32;24;392;2760
32;25;404;2810
32;26;404;2811
32;27;238;999
32;28;246;1032
32;29;271;1137
32;30;270;1132
32;31;272;1139
32;32;0;0
32;33;325;1351
32;34;345;1434
32;35;344;1430
32;36;407;1699
32;37;407;1699
32;38;417;1742
32;39;471;1968
32;40;467;1951
32;41;485;2933
32;42;503;3010
32;43;434;2723
32;44;428;2701
32;45;418;2655
32;46;366;2439
32;47;316;2232
32;48;336;2317
32;49;328;2282
32;50;321;1336
32;51;323;1345
32;52;355;1474
32;53;279;1160
32;54;311;1295
32;55;336;1395
32;56;283;1179
32;57;271;1132
32;58;222;929
32;59;273;1135
32;60;266;1105
32;61;320;1330
32;62;361;1498
32;63;361;1499
32;64;356;1484
32;65;372;1552
32;66;355;1479
32;67;368;1530
32;68;306;2187
32;69;325;2267
32;70;417;2653
32;71;427;2693
32;72;407;2610
32;73;392;2549
32;74;379;2493
32;75;382;2505
32;76;389;2536
32;77;233;980
33;1;1481;18240
33;2;631;2993
33;3;631;2993
33;4;631;2993
33;5;686;3613
33;6;613;3479
33;7;613;3479
33;8;722;3939
33;9;722;3939
33;10;722;3939
33;11;722;3939
33;12;722;3939
33;13;722;3939
33;14;626;3739
33;15;617;3703
33;16;601;3636
33;17;684;3976
33;18;707;4071
33;19;698;4033
33;20;644;3810
33;21;644;3810
33;22;644;3810
33;23;644;3808
33;24;693;4014
33;25;705;4064
33;26;705;4065
33;27;539;2253
33;28;547;2286
33;29;572;2391
33;30;571;2386
33;31;573;2393
33;32;325;1351
33;33;0;0
33;34;20;83
33;35;115;479
33;36;178;748
33;37;178;748
33;38;188;791
33;39;242;1017
33;40;238;1000
33;41;786;4187
33;42;804;4264
33;43;735;3977
33;44;729;3955
33;45;719;3909
33;46;667;3693
33;47;617;3486
33;48;637;3571
33;49;629;3536
33;50;488;2031
33;51;490;2040
33;52;522;2169
33;53;446;1855
33;54;478;1990
33;55;503;2090
33;56;450;1874
33;57;438;1827
33;58;389;1624
33;59;440;1830
33;60;433;1800
33;61;487;2025
33;62;528;2193
33;63;528;2194
33;64;523;2179
33;65;539;2247
33;66;522;2174
33;67;535;2225
33;68;585;2438
33;69;604;2518
33;70;691;2891
33;71;701;2931
33;72;681;2848
33;73;666;2787
33;74;653;2731
33;75;656;2743
33;76;663;2774
33;77;534;2234
34;1;1501;18323
34;2;651;3076
34;3;651;3076
34;4;651;3076
34;5;706;3696
34;6;633;3562
34;7;633;3562
34;8;742;4022
34;9;742;4022
34;10;742;4022
34;11;742;4022
34;12;742;4022
34;13;742;4022
34;14;646;3822
34;15;637;3786
34;16;621;3719
34;17;704;4059
34;18;727;4154
34;19;718;4116
34;20;664;3893
34;21;664;3893
34;22;664;3893
34;23;664;3891
34;24;713;4097
34;25;725;4147
34;26;725;4148
34;27;559;2336
34;28;567;2369
34;29;592;2474
34;30;591;2469
34;31;593;2476
34;32;345;1434
34;33;20;83
34;34;0;0
34;35;135;562
34;36;198;831
34;37;198;831
34;38;208;874
34;39;262;1100
34;40;258;1083
34;41;806;4270
34;42;824;4347
34;43;755;4060
34;44;749;4038
34;45;739;3992
34;46;687;3776
34;47;637;3569
34;48;657;3654
34;49;649;3619
34;50;508;2114
34;51;510;2123
34;52;542;2252
34;53;466;1938
34;54;498;2073
34;55;523;2173
34;56;470;1957
34;57;458;1910
34;58;409;1707
34;59;460;1913
34;60;453;1883
34;61;507;2108
34;62;548;2276
34;63;548;2277
34;64;543;2262
34;65;559;2330
34;66;542;2257
34;67;555;2308
34;68;605;2521
34;69;624;2601
34;70;711;2974
34;71;721;3014
34;72;701;2931
34;73;686;2870
34;74;673;2814
34;75;676;2826
34;76;683;2857
34;77;554;2317
35;1;1500;18319
35;2;650;3072
35;3;650;3072
35;4;650;3072
35;5;705;3692
35;6;632;3558
35;7;632;3558
35;8;741;4018
35;9;741;4018
35;10;741;4018
35;11;741;4018
35;12;741;4018
35;13;741;4018
35;14;645;3818
35;15;636;3782
35;16;620;3715
35;17;703;4055
35;18;726;4150
35;19;717;4112
35;20;663;3889
35;21;663;3889
35;22;663;3889
35;23;663;3887
35;24;712;4093
35;25;724;4143
35;26;724;4144
35;27;558;2332
35;28;566;2365
35;29;591;2470
35;30;590;2465
35;31;592;2472
35;32;344;1430
35;33;115;479
35;34;135;562
35;35;0;0
35;36;119;503
35;37;119;503
35;38;129;546
35;39;183;772
35;40;179;755
35;41;805;4266
35;42;823;4343
35;43;754;4056
35;44;748;4034
35;45;738;3988
35;46;686;3772
35;47;636;3565
35;48;656;3650
35;49;648;3615
35;50;507;2110
35;51;509;2119
35;52;541;2248
35;53;465;1934
35;54;497;2069
35;55;522;2169
35;56;469;1953
35;57;457;1906
35;58;408;1703
35;59;459;1909
35;60;452;1879
35;61;506;2104
35;62;547;2272
35;63;547;2273
35;64;542;2258
35;65;558;2326
35;66;541;2253
35;67;554;2304
35;68;604;2517
35;69;623;2597
35;70;632;2646
35;71;642;2686
35;72;622;2603
35;73;607;2542
35;74;594;2486
35;75;597;2498
35;76;604;2529
35;77;553;2313
36;1;1563;18588
36;2;713;3341
36;3;713;3341
36;4;713;3341
36;5;768;3961
36;6;695;3827
36;7;695;3827
36;8;804;4287
36;9;804;4287
36;10;804;4287
36;11;804;4287
36;12;804;4287
36;13;804;4287
36;14;708;4087
36;15;699;4051
36;16;683;3984
36;17;766;4324
36;18;789;4419
36;19;780;4381
36;20;726;4158
36;21;726;4158
36;22;726;4158
36;23;726;4156
36;24;775;4362
36;25;787;4412
36;26;787;4413
36;27;621;2601
36;28;629;2634
36;29;654;2739
36;30;653;2734
36;31;655;2741
36;32;407;1699
36;33;178;748
36;34;198;831
36;35;119;503
36;36;0;0
36;37;0;0
36;38;62;261
36;39;116;487
36;40;112;470
36;41;813;3391
36;42;831;3468
36;43;762;3181
36;44;756;3159
36;45;746;3113
36;46;694;2897
36;47;644;2690
36;48;664;2775
36;49;656;2740
36;50;570;2379
36;51;572;2388
36;52;604;2517
36;53;528;2203
36;54;560;2338
36;55;585;2438
36;56;532;2222
36;57;520;2175
36;58;471;1972
36;59;522;2178
36;60;515;2148
36;61;569;2373
36;62;610;2541
36;63;610;2542
36;64;605;2527
36;65;621;2595
36;66;604;2522
36;67;617;2573
36;68;582;2425
36;69;601;2505
36;70;565;2361
36;71;575;2401
36;72;555;2318
36;73;540;2257
36;74;527;2201
36;75;530;2213
36;76;537;2244
36;77;616;2582
37;1;1563;18588
37;2;713;3341
37;3;713;3341
37;4;713;3341
37;5;768;3961
37;6;695;3827
37;7;695;3827
37;8;804;4287
37;9;804;4287
37;10;804;4287
37;11;804;4287
37;12;804;4287
37;13;804;4287
37;14;708;4087
37;15;699;4051
37;16;683;3984
37;17;766;4324
37;18;789;4419
37;19;780;4381
37;20;726;4158
37;21;726;4158
37;22;726;4158
37;23;726;4156
37;24;775;4362
37;25;787;4412
37;26;787;4413
37;27;621;2601
37;28;629;2634
37;29;654;2739
37;30;653;2734
37;31;655;2741
37;32;407;1699
37;33;178;748
37;34;198;831
37;35;119;503
37;36;0;0
37;37;0;0
37;38;62;261
37;39;116;487
37;40;112;470
37;41;813;3391
37;42;831;3468
37;43;762;3181
37;44;756;3159
37;45;746;3113
37;46;694;2897
37;47;644;2690
37;48;664;2775
37;49;656;2740
37;50;570;2379
37;51;572;2388
37;52;604;2517
37;53;528;2203
37;54;560;2338
37;55;585;2438
37;56;532;2222
37;57;520;2175
37;58;471;1972
37;59;522;2178
37;60;515;2148
37;61;569;2373
37;62;610;2541
37;63;610;2542
37;64;605;2527
37;65;621;2595
37;66;604;2522
37;67;617;2573
37;68;582;2425
37;69;601;2505
37;70;565;2361
37;71;575;2401
37;72;555;2318
37;73;540;2257
37;74;527;2201
37;75;530;2213
37;76;537;2244
37;77;616;2582
38;1;1573;18631
38;2;723;3384
38;3;723;3384
38;4;723;3384
38;5;778;4004
38;6;705;3870
38;7;705;3870
38;8;814;4330
38;9;814;4330
38;10;814;4330
38;11;814;4330
38;12;814;4330
38;13;814;4330
38;14;718;4130
38;15;709;4094
38;16;693;4027
38;17;776;4367
38;18;799;4462
38;19;790;4424
38;20;736;4201
38;21;736;4201
38;22;736;4201
38;23;736;4199
38;24;785;4405
38;25;797;4455
38;26;797;4456
38;27;631;2644
38;28;639;2677
38;29;664;2782
38;30;663;2777
38;31;665;2784
38;32;417;1742
38;33;188;791
38;34;208;874
38;35;129;546
38;36;62;261
38;37;62;261
38;38;0;0
38;39;80;338
38;40;76;321
38;41;777;3242
38;42;795;3319
38;43;726;3032
38;44;720;3010
38;45;710;2964
38;46;658;2748
38;47;608;2541
38;48;628;2626
38;49;620;2591
38;50;580;2422
38;51;582;2431
38;52;614;2560
38;53;538;2246
38;54;570;2381
38;55;595;2481
38;56;542;2265
38;57;530;2218
38;58;481;2015
38;59;532;2221
38;60;525;2191
38;61;579;2416
38;62;620;2584
38;63;620;2585
38;64;615;2570
38;65;631;2638
38;66;614;2565
38;67;627;2616
38;68;546;2276
38;69;565;2356
38;70;529;2212
38;71;539;2252
38;72;519;2169
38;73;504;2108
38;74;491;2052
38;75;494;2064
38;76;501;2095
38;77;626;2625
39;1;1627;18857
39;2;777;3610
39;3;777;3610
39;4;777;3610
39;5;832;4230
39;6;759;4096
39;7;759;4096
39;8;868;4556
39;9;868;4556
39;10;868;4556
39;11;868;4556
39;12;868;4556
39;13;868;4556
39;14;772;4356
39;15;763;4320
39;16;747;4253
39;17;830;4593
39;18;853;4688
39;19;844;4650
39;20;790;4427
39;21;790;4427
39;22;790;4427
39;23;790;4425
39;24;839;4631
39;25;851;4681
39;26;851;4682
39;27;685;2870
39;28;693;2903
39;29;718;3008
39;30;717;3003
39;31;719;3010
39;32;471;1968
39;33;242;1017
39;34;262;1100
39;35;183;772
39;36;116;487
39;37;116;487
39;38;80;338
39;39;0;0
39;40;4;17
39;41;745;3110
39;42;763;3187
39;43;694;2900
39;44;688;2878
39;45;678;2832
39;46;626;2616
39;47;576;2409
39;48;596;2494
39;49;588;2459
39;50;634;2648
39;51;636;2657
39;52;668;2786
39;53;592;2472
39;54;624;2607
39;55;649;2707
39;56;596;2491
39;57;584;2444
39;58;535;2241
39;59;586;2447
39;60;579;2417
39;61;633;2642
39;62;613;2561
39;63;613;2562
39;64;608;2547
39;65;624;2615
39;66;607;2542
39;67;620;2593
39;68;514;2144
39;69;533;2224
39;70;497;2080
39;71;507;2120
39;72;487;2037
39;73;472;1976
39;74;459;1920
39;75;462;1932
39;76;469;1963
39;77;680;2851
40;1;1623;18840
40;2;773;3593
40;3;773;3593
40;4;773;3593
40;5;828;4213
40;6;755;4079
40;7;755;4079
40;8;864;4539
40;9;864;4539
40;10;864;4539
40;11;864;4539
40;12;864;4539
40;13;864;4539
40;14;768;4339
40;15;759;4303
40;16;743;4236
40;17;826;4576
40;18;849;4671
40;19;840;4633
40;20;786;4410
40;21;786;4410
40;22;786;4410
40;23;786;4408
40;24;835;4614
40;25;847;4664
40;26;847;4665
40;27;681;2853
40;28;689;2886
40;29;714;2991
40;30;713;2986
40;31;715;2993
40;32;467;1951
40;33;238;1000
40;34;258;1083
40;35;179;755
40;36;112;470
40;37;112;470
40;38;76;321
40;39;4;17
40;40;0;0
40;41;741;3093
40;42;759;3170
40;43;690;2883
40;44;684;2861
40;45;674;2815
40;46;622;2599
40;47;572;2392
40;48;592;2477
40;49;584;2442
40;50;630;2631
40;51;632;2640
40;52;664;2769
40;53;588;2455
40;54;620;2590
40;55;645;2690
40;56;592;2474
40;57;580;2427
40;58;531;2224
40;59;582;2430
40;60;575;2400
40;61;629;2625
40;62;609;2544
40;63;609;2545
40;64;604;2530
40;65;620;2598
40;66;603;2525
40;67;616;2576
40;68;510;2127
40;69;529;2207
40;70;493;2063
40;71;503;2103
40;72;483;2020
40;73;468;1959
40;74;455;1903
40;75;458;1915
40;76;465;1946
40;77;676;2834
41;1;1474;19509
41;2;643;4507
41;3;643;4507
41;4;643;4507
41;5;590;4285
41;6;460;3740
41;7;460;3740
41;8;569;4200
41;9;569;4200
41;10;569;4200
41;11;569;4200
41;12;569;4200
41;13;569;4200
41;14;473;4000
41;15;464;3964
41;16;448;3897
41;17;531;4237
41;18;554;4332
41;19;545;4294
41;20;491;4071
41;21;491;4071
41;22;491;4071
41;23;491;4069
41;24;540;4275
41;25;552;4325
41;26;552;4326
41;27;386;2514
41;28;394;2547
41;29;419;2652
41;30;418;2647
41;31;420;2654
41;32;492;2961
41;33;788;3288
41;34;808;3371
41;35;807;3367
41;36;813;3391
41;37;813;3391
41;38;777;3242
41;39;745;3110
41;40;741;3093
41;41;0;0
41;42;19;79
41;43;121;504
41;44;183;768
41;45;173;722
41;46;189;788
41;47;215;899
41;48;235;984
41;49;227;949
41;50;352;1479
41;51;354;1488
41;52;386;1617
41;53;416;1741
41;54;448;1876
41;55;473;1976
41;56;420;1760
41;57;490;2055
41;58;489;2050
41;59;410;1716
41;60;403;1686
41;61;367;1537
41;62;322;1347
41;63;322;1348
41;64;317;1333
41;65;333;1401
41;66;316;1328
41;67;329;1379
41;68;251;1046
41;69;270;1126
41;70;362;1512
41;71;372;1552
41;72;352;1469
41;73;337;1408
41;74;324;1352
41;75;327;1364
41;76;334;1395
41;77;381;2495
42;1;1492;19586
42;2;661;4584
42;3;661;4584
42;4;661;4584
42;5;608;4362
42;6;478;3817
42;7;478;3817
42;8;587;4277
42;9;587;4277
42;10;587;4277
42;11;587;4277
42;12;587;4277
42;13;587;4277
42;14;491;4077
42;15;482;4041
42;16;466;3974
42;17;549;4314
42;18;572;4409
42;19;563;4371
42;20;509;4148
42;21;509;4148
42;22;509;4148
42;23;509;4146
42;24;558;4352
42;25;570;4402
42;26;570;4403
42;27;404;2591
42;28;412;2624
42;29;437;2729
42;30;436;2724
42;31;438;2731
42;32;510;3038
42;33;806;3365
42;34;826;3448
42;35;825;3444
42;36;831;3468
42;37;831;3468
42;38;795;3319
42;39;763;3187
42;40;759;3170
42;41;19;79
42;42;0;0
42;43;139;581
42;44;201;845
42;45;191;799
42;46;207;865
42;47;233;976
42;48;253;1061
42;49;245;1026
42;50;370;1556
42;51;372;1565
42;52;404;1694
42;53;434;1818
42;54;466;1953
42;55;491;2053
42;56;438;1837
42;57;508;2132
42;58;507;2127
42;59;428;1793
42;60;421;1763
42;61;385;1614
42;62;340;1424
42;63;340;1425
42;64;335;1410
42;65;351;1478
42;66;334;1405
42;67;347;1456
42;68;269;1123
42;69;288;1203
42;70;380;1589
42;71;390;1629
42;72;370;1546
42;73;355;1485
42;74;342;1429
42;75;345;1441
42;76;352;1472
42;77;399;2572
43;1;1423;19299
43;2;592;4297
43;3;592;4297
43;4;592;4297
43;5;539;4075
43;6;409;3530
43;7;409;3530
43;8;518;3990
43;9;518;3990
43;10;518;3990
43;11;518;3990
43;12;518;3990
43;13;518;3990
43;14;422;3790
43;15;413;3754
43;16;397;3687
43;17;480;4027
43;18;503;4122
43;19;494;4084
43;20;440;3861
43;21;440;3861
43;22;440;3861
43;23;440;3859
43;24;489;4065
43;25;501;4115
43;26;501;4116
43;27;335;2304
43;28;343;2337
43;29;368;2442
43;30;367;2437
43;31;369;2444
43;32;441;2751
43;33;737;3078
43;34;757;3161
43;35;756;3157
43;36;762;3181
43;37;762;3181
43;38;726;3032
43;39;694;2900
43;40;690;2883
43;41;121;504
43;42;139;581
43;43;0;0
43;44;132;558
43;45;122;512
43;46;138;578
43;47;164;689
43;48;184;774
43;49;176;739
43;50;301;1269
43;51;303;1278
43;52;335;1407
43;53;365;1531
43;54;397;1666
43;55;422;1766
43;56;369;1550
43;57;439;1845
43;58;438;1840
43;59;359;1506
43;60;352;1476
43;61;316;1327
43;62;271;1137
43;63;271;1138
43;64;266;1123
43;65;282;1191
43;66;265;1118
43;67;278;1169
43;68;200;836
43;69;219;916
43;70;311;1302
43;71;321;1342
43;72;301;1259
43;73;286;1198
43;74;273;1142
43;75;276;1154
43;76;283;1185
43;77;330;2285
44;1;1417;19277
44;2;586;4275
44;3;586;4275
44;4;586;4275
44;5;533;4053
44;6;403;3508
44;7;403;3508
44;8;512;3968
44;9;512;3968
44;10;512;3968
44;11;512;3968
44;12;512;3968
44;13;512;3968
44;14;416;3768
44;15;407;3732
44;16;391;3665
44;17;474;4005
44;18;497;4100
44;19;488;4062
44;20;434;3839
44;21;434;3839
44;22;434;3839
44;23;434;3837
44;24;483;4043
44;25;495;4093
44;26;495;4094
44;27;329;2282
44;28;337;2315
44;29;362;2420
44;30;361;2415
44;31;363;2422
44;32;435;2729
44;33;731;3056
44;34;751;3139
44;35;750;3135
44;36;756;3159
44;37;756;3159
44;38;720;3010
44;39;688;2878
44;40;684;2861
44;41;183;768
44;42;201;845
44;43;132;558
44;44;0;0
44;45;26;110
44;46;132;556
44;47;158;667
44;48;178;752
44;49;170;717
44;50;295;1247
44;51;297;1256
44;52;329;1385
44;53;359;1509
44;54;391;1644
44;55;416;1744
44;56;363;1528
44;57;433;1823
44;58;432;1818
44;59;353;1484
44;60;346;1454
44;61;310;1305
44;62;265;1115
44;63;265;1116
44;64;260;1101
44;65;276;1169
44;66;259;1096
44;67;272;1147
44;68;194;814
44;69;213;894
44;70;305;1280
44;71;315;1320
44;72;295;1237
44;73;280;1176
44;74;267;1120
44;75;270;1132
44;76;277;1163
44;77;324;2263
45;1;1407;19231
45;2;576;4229
45;3;576;4229
45;4;576;4229
45;5;523;4007
45;6;393;3462
45;7;393;3462
45;8;502;3922
45;9;502;3922
45;10;502;3922
45;11;502;3922
45;12;502;3922
45;13;502;3922
45;14;406;3722
45;15;397;3686
45;16;381;3619
45;17;464;3959
45;18;487;4054
45;19;478;4016
45;20;424;3793
45;21;424;3793
45;22;424;3793
45;23;424;3791
45;24;473;3997
45;25;485;4047
45;26;485;4048
45;27;319;2236
45;28;327;2269
45;29;352;2374
45;30;351;2369
45;31;353;2376
45;32;425;2683
45;33;721;3010
45;34;741;3093
45;35;740;3089
45;36;746;3113
45;37;746;3113
45;38;710;2964
45;39;678;2832
45;40;674;2815
45;41;173;722
45;42;191;799
45;43;122;512
45;44;26;110
45;45;0;0
45;46;122;510
45;47;148;621
45;48;168;706
45;49;160;671
45;50;285;1201
45;51;287;1210
45;52;319;1339
45;53;349;1463
45;54;381;1598
45;55;406;1698
45;56;353;1482
45;57;423;1777
45;58;422;1772
45;59;343;1438
45;60;336;1408
45;61;300;1259
45;62;255;1069
45;63;255;1070
45;64;250;1055
45;65;266;1123
45;66;249;1050
45;67;262;1101
45;68;184;768
45;69;203;848
45;70;295;1234
45;71;305;1274
45;72;285;1191
45;73;270;1130
45;74;257;1074
45;75;260;1086
45;76;267;1117
45;77;314;2217
46;1;1355;19015
46;2;524;4013
46;3;524;4013
46;4;524;4013
46;5;471;3791
46;6;341;3246
46;7;341;3246
46;8;450;3706
46;9;450;3706
46;10;450;3706
46;11;450;3706
46;12;450;3706
46;13;450;3706
46;14;354;3506
46;15;345;3470
46;16;329;3403
46;17;412;3743
46;18;435;3838
46;19;426;3800
46;20;372;3577
46;21;372;3577
46;22;372;3577
46;23;372;3575
46;24;421;3781
46;25;433;3831
46;26;433;3832
46;27;267;2020
46;28;275;2053
46;29;300;2158
46;30;299;2153
46;31;301;2160
46;32;373;2467
46;33;669;2794
46;34;689;2877
46;35;688;2873
46;36;694;2897
46;37;694;2897
46;38;658;2748
46;39;626;2616
46;40;622;2599
46;41;189;788
46;42;207;865
46;43;138;578
46;44;132;556
46;45;122;510
46;46;0;0
46;47;96;405
46;48;116;490
46;49;108;455
46;50;233;985
46;51;235;994
46;52;267;1123
46;53;297;1247
46;54;329;1382
46;55;354;1482
46;56;301;1266
46;57;371;1561
46;58;370;1556
46;59;291;1222
46;60;284;1192
46;61;248;1043
46;62;203;853
46;63;203;854
46;64;198;839
46;65;214;907
46;66;197;834
46;67;210;885
46;68;132;552
46;69;151;632
46;70;243;1018
46;71;253;1058
46;72;233;975
46;73;218;914
46;74;205;858
46;75;208;870
46;76;215;901
46;77;262;2001
47;1;1305;18808
47;2;474;3806
47;3;474;3806
47;4;474;3806
47;5;421;3584
47;6;291;3039
47;7;291;3039
47;8;400;3499
47;9;400;3499
47;10;400;3499
47;11;400;3499
47;12;400;3499
47;13;400;3499
47;14;304;3299
47;15;295;3263
47;16;279;3196
47;17;362;3536
47;18;385;3631
47;19;376;3593
47;20;322;3370
47;21;322;3370
47;22;322;3370
47;23;322;3368
47;24;371;3574
47;25;383;3624
47;26;383;3625
47;27;217;1813
47;28;225;1846
47;29;250;1951
47;30;249;1946
47;31;251;1953
47;32;323;2260
47;33;619;2587
47;34;639;2670
47;35;638;2666
47;36;644;2690
47;37;644;2690
47;38;608;2541
47;39;576;2409
47;40;572;2392
47;41;215;899
47;42;233;976
47;43;164;689
47;44;158;667
47;45;148;621
47;46;96;405
47;47;0;0
47;48;40;167
47;49;44;186
47;50;183;778
47;51;185;787
47;52;217;916
47;53;247;1040
47;54;279;1175
47;55;304;1275
47;56;251;1059
47;57;321;1354
47;58;320;1349
47;59;241;1015
47;60;234;985
47;61;198;836
47;62;153;646
47;63;153;647
47;64;148;632
47;65;164;700
47;66;147;627
47;67;160;678
47;68;82;345
47;69;101;425
47;70;193;811
47;71;203;851
47;72;183;768
47;73;168;707
47;74;155;651
47;75;158;663
47;76;165;694
47;77;212;1794
48;1;1325;18893
48;2;494;3891
48;3;494;3891
48;4;494;3891
48;5;441;3669
48;6;311;3124
48;7;311;3124
48;8;420;3584
48;9;420;3584
48;10;420;3584
48;11;420;3584
48;12;420;3584
48;13;420;3584
48;14;324;3384
48;15;315;3348
48;16;299;3281
48;17;382;3621
48;18;405;3716
48;19;396;3678
48;20;342;3455
48;21;342;3455
48;22;342;3455
48;23;342;3453
48;24;391;3659
48;25;403;3709
48;26;403;3710
48;27;237;1898
48;28;245;1931
48;29;270;2036
48;30;269;2031
48;31;271;2038
48;32;343;2345
48;33;639;2672
48;34;659;2755
48;35;658;2751
48;36;664;2775
48;37;664;2775
48;38;628;2626
48;39;596;2494
48;40;592;2477
48;41;235;984
48;42;253;1061
48;43;184;774
48;44;178;752
48;45;168;706
48;46;116;490
48;47;40;167
48;48;0;0
48;49;64;271
48;50;203;863
48;51;205;872
48;52;237;1001
48;53;267;1125
48;54;299;1260
48;55;324;1360
48;56;271;1144
48;57;341;1439
48;58;340;1434
48;59;261;1100
48;60;254;1070
48;61;218;921
48;62;173;731
48;63;173;732
48;64;168;717
48;65;184;785
48;66;167;712
48;67;180;763
48;68;102;430
48;69;121;510
48;70;213;896
48;71;223;936
48;72;203;853
48;73;188;792
48;74;175;736
48;75;178;748
48;76;185;779
48;77;232;1879
49;1;1317;18858
49;2;486;3856
49;3;486;3856
49;4;486;3856
49;5;433;3634
49;6;303;3089
49;7;303;3089
49;8;412;3549
49;9;412;3549
49;10;412;3549
49;11;412;3549
49;12;412;3549
49;13;412;3549
49;14;316;3349
49;15;307;3313
49;16;291;3246
49;17;374;3586
49;18;397;3681
49;19;388;3643
49;20;334;3420
49;21;334;3420
49;22;334;3420
49;23;334;3418
49;24;383;3624
49;25;395;3674
49;26;395;3675
49;27;229;1863
49;28;237;1896
49;29;262;2001
49;30;261;1996
49;31;263;2003
49;32;335;2310
49;33;631;2637
49;34;651;2720
49;35;650;2716
49;36;656;2740
49;37;656;2740
49;38;620;2591
49;39;588;2459
49;40;584;2442
49;41;227;949
49;42;245;1026
49;43;176;739
49;44;170;717
49;45;160;671
49;46;108;455
49;47;44;186
49;48;64;271
49;49;0;0
49;50;195;828
49;51;197;837
49;52;229;966
49;53;259;1090
49;54;291;1225
49;55;316;1325
49;56;263;1109
49;57;333;1404
49;58;332;1399
49;59;253;1065
49;60;246;1035
49;61;210;886
49;62;165;696
49;63;165;697
49;64;160;682
49;65;176;750
49;66;159;677
49;67;172;728
49;68;94;395
49;69;113;475
49;70;205;861
49;71;215;901
49;72;195;818
49;73;180;757
49;74;167;701
49;75;170;713
49;76;177;744
49;77;224;1844
50;1;1396;19196
50;2;565;4194
50;3;565;4194
50;4;565;4194
50;5;512;3972
50;6;382;3427
50;7;382;3427
50;8;491;3887
50;9;491;3887
50;10;491;3887
50;11;491;3887
50;12;491;3887
50;13;491;3887
50;14;395;3687
50;15;386;3651
50;16;370;3584
50;17;453;3924
50;18;476;4019
50;19;467;3981
50;20;413;3758
50;21;413;3758
50;22;413;3758
50;23;413;3756
50;24;462;3962
50;25;474;4012
50;26;474;4013
50;27;308;2201
50;28;316;2234
50;29;341;2339
50;30;340;2334
50;31;342;2341
50;32;321;1336
50;33;488;2031
50;34;508;2114
50;35;507;2110
50;36;570;2379
50;37;570;2379
50;38;580;2422
50;39;634;2648
50;40;630;2631
50;41;352;1479
50;42;370;1556
50;43;301;1269
50;44;295;1247
50;45;285;1201
50;46;233;985
50;47;183;778
50;48;203;863
50;49;195;828
50;50;0;0
50;51;3;11
50;52;34;140
50;53;116;484
50;54;148;619
50;55;173;719
50;56;120;503
50;57;190;798
50;58;189;793
50;59;110;459
50;60;103;429
50;61;67;280
50;62;92;384
50;63;92;385
50;64;87;370
50;65;103;438
50;66;86;365
50;67;99;416
50;68;149;629
50;69;168;709
50;70;260;1095
50;71;270;1135
50;72;250;1052
50;73;235;991
50;74;222;935
50;75;225;947
50;76;232;978
50;77;303;2182
51;1;1398;19205
51;2;567;4203
51;3;567;4203
51;4;567;4203
51;5;514;3981
51;6;384;3436
51;7;384;3436
51;8;493;3896
51;9;493;3896
51;10;493;3896
51;11;493;3896
51;12;493;3896
51;13;493;3896
51;14;397;3696
51;15;388;3660
51;16;372;3593
51;17;455;3933
51;18;478;4028
51;19;469;3990
51;20;415;3767
51;21;415;3767
51;22;415;3767
51;23;415;3765
51;24;464;3971
51;25;476;4021
51;26;476;4022
51;27;310;2210
51;28;318;2243
51;29;343;2348
51;30;342;2343
51;31;344;2350
51;32;323;1345
51;33;490;2040
51;34;510;2123
51;35;509;2119
51;36;572;2388
51;37;572;2388
51;38;582;2431
51;39;636;2657
51;40;632;2640
51;41;354;1488
51;42;372;1565
51;43;303;1278
51;44;297;1256
51;45;287;1210
51;46;235;994
51;47;185;787
51;48;205;872
51;49;197;837
51;50;3;11
51;51;0;0
51;52;32;131
51;53;118;493
51;54;150;628
51;55;175;728
51;56;122;512
51;57;192;807
51;58;191;802
51;59;112;468
51;60;105;438
51;61;69;289
51;62;94;393
51;63;94;394
51;64;89;379
51;65;105;447
51;66;88;374
51;67;101;425
51;68;151;638
51;69;170;718
51;70;262;1104
51;71;272;1144
51;72;252;1061
51;73;237;1000
51;74;224;944
51;75;227;956
51;76;234;987
51;77;305;2191
52;1;1430;19334
52;2;599;4332
52;3;599;4332
52;4;599;4332
52;5;546;4110
52;6;416;3565
52;7;416;3565
52;8;525;4025
52;9;525;4025
52;10;525;4025
52;11;525;4025
52;12;525;4025
52;13;525;4025
52;14;429;3825
52;15;420;3789
52;16;404;3722
52;17;487;4062
52;18;510;4157
52;19;501;4119
52;20;447;3896
52;21;447;3896
52;22;447;3896
52;23;447;3894
52;24;496;4100
52;25;508;4150
52;26;508;4151
52;27;342;2339
52;28;350;2372
52;29;375;2477
52;30;374;2472
52;31;376;2479
52;32;355;1474
52;33;522;2169
52;34;542;2252
52;35;541;2248
52;36;604;2517
52;37;604;2517
52;38;614;2560
52;39;668;2786
52;40;664;2769
52;41;386;1617
52;42;404;1694
52;43;335;1407
52;44;329;1385
52;45;319;1339
52;46;267;1123
52;47;217;916
52;48;237;1001
52;49;229;966
52;50;34;140
52;51;32;131
52;52;0;0
52;53;150;622
52;54;182;757
52;55;207;857
52;56;154;641
52;57;224;936
52;58;223;931
52;59;144;597
52;60;137;567
52;61;101;418
52;62;126;522
52;63;126;523
52;64;121;508
52;65;137;576
52;66;120;503
52;67;133;554
52;68;183;767
52;69;202;847
52;70;294;1233
52;71;304;1273
52;72;284;1190
52;73;269;1129
52;74;256;1073
52;75;259;1085
52;76;266;1116
52;77;337;2320
53;1;1460;19458
53;2;629;4456
53;3;629;4456
53;4;629;4456
53;5;576;4234
53;6;446;3689
53;7;446;3689
53;8;555;4149
53;9;555;4149
53;10;555;4149
53;11;555;4149
53;12;555;4149
53;13;555;4149
53;14;459;3949
53;15;450;3913
53;16;434;3846
53;17;517;4186
53;18;540;4281
53;19;531;4243
53;20;477;4020
53;21;477;4020
53;22;477;4020
53;23;477;4018
53;24;526;4224
53;25;538;4274
53;26;538;4275
53;27;372;2463
53;28;380;2496
53;29;405;2601
53;30;404;2596
53;31;406;2603
53;32;279;1160
53;33;446;1855
53;34;466;1938
53;35;465;1934
53;36;528;2203
53;37;528;2203
53;38;538;2246
53;39;592;2472
53;40;588;2455
53;41;416;1741
53;42;434;1818
53;43;365;1531
53;44;359;1509
53;45;349;1463
53;46;297;1247
53;47;247;1040
53;48;267;1125
53;49;259;1090
53;50;116;484
53;51;118;493
53;52;150;622
53;53;0;0
53;54;32;137
53;55;57;237
53;56;14;59
53;57;148;622
53;58;147;617
53;59;68;283
53;60;61;253
53;61;115;478
53;62;156;646
53;63;156;647
53;64;151;632
53;65;167;700
53;66;150;627
53;67;163;678
53;68;213;891
53;69;232;971
53;70;324;1357
53;71;334;1397
53;72;314;1314
53;73;299;1253
53;74;286;1197
53;75;289;1209
53;76;296;1240
53;77;367;2444
54;1;1492;19593
54;2;661;4591
54;3;661;4591
54;4;661;4591
54;5;608;4369
54;6;478;3824
54;7;478;3824
54;8;587;4284
54;9;587;4284
54;10;587;4284
54;11;587;4284
54;12;587;4284
54;13;587;4284
54;14;491;4084
54;15;482;4048
54;16;466;3981
54;17;549;4321
54;18;572;4416
54;19;563;4378
54;20;509;4155
54;21;509;4155
54;22;509;4155
54;23;509;4153
54;24;558;4359
54;25;570;4409
54;26;570;4410
54;27;404;2598
54;28;412;2631
54;29;437;2736
54;30;436;2731
54;31;438;2738
54;32;311;1295
54;33;478;1990
54;34;498;2073
54;35;497;2069
54;36;560;2338
54;37;560;2338
54;38;570;2381
54;39;624;2607
54;40;620;2590
54;41;448;1876
54;42;466;1953
54;43;397;1666
54;44;391;1644
54;45;381;1598
54;46;329;1382
54;47;279;1175
54;48;299;1260
54;49;291;1225
54;50;148;619
54;51;150;628
54;52;182;757
54;53;32;137
54;54;0;0
54;55;41;168
54;56;46;194
54;57;180;757
54;58;179;752
54;59;100;418
54;60;93;388
54;61;147;613
54;62;188;781
54;63;188;782
54;64;183;767
54;65;199;835
54;66;182;762
54;67;195;813
54;68;245;1026
54;69;264;1106
54;70;356;1492
54;71;366;1532
54;72;346;1449
54;73;331;1388
54;74;318;1332
54;75;321;1344
54;76;328;1375
54;77;399;2579
55;1;1517;19693
55;2;686;4691
55;3;686;4691
55;4;686;4691
55;5;633;4469
55;6;503;3924
55;7;503;3924
55;8;612;4384
55;9;612;4384
55;10;612;4384
55;11;612;4384
55;12;612;4384
55;13;612;4384
55;14;516;4184
55;15;507;4148
55;16;491;4081
55;17;574;4421
55;18;597;4516
55;19;588;4478
55;20;534;4255
55;21;534;4255
55;22;534;4255
55;23;534;4253
55;24;583;4459
55;25;595;4509
55;26;595;4510
55;27;429;2698
55;28;437;2731
55;29;462;2836
55;30;461;2831
55;31;463;2838
55;32;336;1395
55;33;503;2090
55;34;523;2173
55;35;522;2169
55;36;585;2438
55;37;585;2438
55;38;595;2481
55;39;649;2707
55;40;645;2690
55;41;473;1976
55;42;491;2053
55;43;422;1766
55;44;416;1744
55;45;406;1698
55;46;354;1482
55;47;304;1275
55;48;324;1360
55;49;316;1325
55;50;173;719
55;51;175;728
55;52;207;857
55;53;57;237
55;54;41;168
55;55;0;0
55;56;71;294
55;57;205;857
55;58;204;852
55;59;125;518
55;60;118;488
55;61;172;713
55;62;213;881
55;63;213;882
55;64;208;867
55;65;224;935
55;66;207;862
55;67;220;913
55;68;270;1126
55;69;289;1206
55;70;381;1592
55;71;391;1632
55;72;371;1549
55;73;356;1488
55;74;343;1432
55;75;346;1444
55;76;353;1475
55;77;424;2679
56;1;1464;19477
56;2;633;4475
56;3;633;4475
56;4;633;4475
56;5;580;4253
56;6;450;3708
56;7;450;3708
56;8;559;4168
56;9;559;4168
56;10;559;4168
56;11;559;4168
56;12;559;4168
56;13;559;4168
56;14;463;3968
56;15;454;3932
56;16;438;3865
56;17;521;4205
56;18;544;4300
56;19;535;4262
56;20;481;4039
56;21;481;4039
56;22;481;4039
56;23;481;4037
56;24;530;4243
56;25;542;4293
56;26;542;4294
56;27;376;2482
56;28;384;2515
56;29;409;2620
56;30;408;2615
56;31;410;2622
56;32;283;1179
56;33;450;1874
56;34;470;1957
56;35;469;1953
56;36;532;2222
56;37;532;2222
56;38;542;2265
56;39;596;2491
56;40;592;2474
56;41;420;1760
56;42;438;1837
56;43;369;1550
56;44;363;1528
56;45;353;1482
56;46;301;1266
56;47;251;1059
56;48;271;1144
56;49;263;1109
56;50;120;503
56;51;122;512
56;52;154;641
56;53;14;59
56;54;46;194
56;55;71;294
56;56;0;0
56;57;152;641
56;58;151;636
56;59;72;302
56;60;65;272
56;61;119;497
56;62;160;665
56;63;160;666
56;64;155;651
56;65;171;719
56;66;154;646
56;67;167;697
56;68;217;910
56;69;236;990
56;70;328;1376
56;71;338;1416
56;72;318;1333
56;73;303;1272
56;74;290;1216
56;75;293;1228
56;76;300;1259
56;77;371;2463
57;1;1534;19772
57;2;703;4770
57;3;703;4770
57;4;703;4770
57;5;650;4548
57;6;520;4003
57;7;520;4003
57;8;629;4463
57;9;629;4463
57;10;629;4463
57;11;629;4463
57;12;629;4463
57;13;629;4463
57;14;533;4263
57;15;524;4227
57;16;508;4160
57;17;591;4500
57;18;614;4595
57;19;605;4557
57;20;551;4334
57;21;551;4334
57;22;551;4334
57;23;551;4332
57;24;600;4538
57;25;612;4588
57;26;612;4589
57;27;446;2777
57;28;454;2810
57;29;479;2915
57;30;478;2910
57;31;480;2917
57;32;271;1132
57;33;438;1827
57;34;458;1910
57;35;457;1906
57;36;520;2175
57;37;520;2175
57;38;530;2218
57;39;584;2444
57;40;580;2427
57;41;490;2055
57;42;508;2132
57;43;439;1845
57;44;433;1823
57;45;423;1777
57;46;371;1561
57;47;321;1354
57;48;341;1439
57;49;333;1404
57;50;190;798
57;51;192;807
57;52;224;936
57;53;148;622
57;54;180;757
57;55;205;857
57;56;152;641
57;57;0;0
57;58;139;589
57;59;142;597
57;60;135;567
57;61;189;792
57;62;230;960
57;63;230;961
57;64;225;946
57;65;241;1014
57;66;224;941
57;67;237;992
57;68;287;1205
57;69;306;1285
57;70;398;1671
57;71;408;1711
57;72;388;1628
57;73;373;1567
57;74;360;1511
57;75;363;1523
57;76;370;1554
57;77;441;2758
58;1;1524;18826
58;2;693;3824
58;3;693;3824
58;4;693;3824
58;5;640;3602
58;6;510;3057
58;7;510;3057
58;8;619;3517
58;9;619;3517
58;10;619;3517
58;11;619;3517
58;12;619;3517
58;13;619;3517
58;14;523;3317
58;15;514;3281
58;16;498;3214
58;17;581;3554
58;18;604;3649
58;19;595;3611
58;20;541;3388
58;21;541;3388
58;22;541;3388
58;23;541;3386
58;24;590;3592
58;25;602;3642
58;26;602;3643
58;27;436;1831
58;28;444;1864
58;29;469;1969
58;30;468;1964
58;31;470;1971
58;32;222;929
58;33;389;1624
58;34;409;1707
58;35;408;1703
58;36;471;1972
58;37;471;1972
58;38;481;2015
58;39;535;2241
58;40;531;2224
58;41;489;2050
58;42;507;2127
58;43;438;1840
58;44;432;1818
58;45;422;1772
58;46;370;1556
58;47;320;1349
58;48;340;1434
58;49;332;1399
58;50;189;793
58;51;191;802
58;52;223;931
58;53;147;617
58;54;179;752
58;55;204;852
58;56;151;636
58;57;139;589
58;58;0;0
58;59;141;592
58;60;134;562
58;61;188;787
58;62;229;955
58;63;229;956
58;64;224;941
58;65;240;1009
58;66;223;936
58;67;236;987
58;68;286;1200
58;69;305;1280
58;70;397;1666
58;71;407;1706
58;72;387;1623
58;73;372;1562
58;74;359;1506
58;75;362;1518
58;76;369;1549
58;77;431;1812
59;1;1454;19433
59;2;623;4431
59;3;623;4431
59;4;623;4431
59;5;570;4209
59;6;440;3664
59;7;440;3664
59;8;549;4124
59;9;549;4124
59;10;549;4124
59;11;549;4124
59;12;549;4124
59;13;549;4124
59;14;453;3924
59;15;444;3888
59;16;428;3821
59;17;511;4161
59;18;534;4256
59;19;525;4218
59;20;471;3995
59;21;471;3995
59;22;471;3995
59;23;471;3993
59;24;520;4199
59;25;532;4249
59;26;532;4250
59;27;366;2438
59;28;374;2471
59;29;399;2576
59;30;398;2571
59;31;400;2578
59;32;273;1135
59;33;440;1830
59;34;460;1913
59;35;459;1909
59;36;522;2178
59;37;522;2178
59;38;532;2221
59;39;586;2447
59;40;582;2430
59;41;410;1716
59;42;428;1793
59;43;359;1506
59;44;353;1484
59;45;343;1438
59;46;291;1222
59;47;241;1015
59;48;261;1100
59;49;253;1065
59;50;110;459
59;51;112;468
59;52;144;597
59;53;68;283
59;54;100;418
59;55;125;518
59;56;72;302
59;57;142;597
59;58;141;592
59;59;0;0
59;60;29;118
59;61;109;453
59;62;150;621
59;63;150;622
59;64;145;607
59;65;161;675
59;66;144;602
59;67;157;653
59;68;207;866
59;69;226;946
59;70;318;1332
59;71;328;1372
59;72;308;1289
59;73;293;1228
59;74;280;1172
59;75;283;1184
59;76;290;1215
59;77;361;2419
60;1;1447;19403
60;2;616;4401
60;3;616;4401
60;4;616;4401
60;5;563;4179
60;6;433;3634
60;7;433;3634
60;8;542;4094
60;9;542;4094
60;10;542;4094
60;11;542;4094
60;12;542;4094
60;13;542;4094
60;14;446;3894
60;15;437;3858
60;16;421;3791
60;17;504;4131
60;18;527;4226
60;19;518;4188
60;20;464;3965
60;21;464;3965
60;22;464;3965
60;23;464;3963
60;24;513;4169
60;25;525;4219
60;26;525;4220
60;27;359;2408
60;28;367;2441
60;29;392;2546
60;30;391;2541
60;31;393;2548
60;32;266;1105
60;33;433;1800
60;34;453;1883
60;35;452;1879
60;36;515;2148
60;37;515;2148
60;38;525;2191
60;39;579;2417
60;40;575;2400
60;41;403;1686
60;42;421;1763
60;43;352;1476
60;44;346;1454
60;45;336;1408
60;46;284;1192
60;47;234;985
60;48;254;1070
60;49;246;1035
60;50;103;429
60;51;105;438
60;52;137;567
60;53;61;253
60;54;93;388
60;55;118;488
60;56;65;272
60;57;135;567
60;58;134;562
60;59;29;118
60;60;0;0
60;61;102;423
60;62;143;591
60;63;143;592
60;64;138;577
60;65;154;645
60;66;137;572
60;67;150;623
60;68;200;836
60;69;219;916
60;70;311;1302
60;71;321;1342
60;72;301;1259
60;73;286;1198
60;74;273;1142
60;75;276;1154
60;76;283;1185
60;77;354;2389
61;1;1411;19254
61;2;580;4252
61;3;580;4252
61;4;580;4252
61;5;527;4030
61;6;397;3485
61;7;397;3485
61;8;506;3945
61;9;506;3945
61;10;506;3945
61;11;506;3945
61;12;506;3945
61;13;506;3945
61;14;410;3745
61;15;401;3709
61;16;385;3642
61;17;468;3982
61;18;491;4077
61;19;482;4039
61;20;428;3816
61;21;428;3816
61;22;428;3816
61;23;428;3814
61;24;477;4020
61;25;489;4070
61;26;489;4071
61;27;323;2259
61;28;331;2292
61;29;356;2397
61;30;355;2392
61;31;357;2399
61;32;320;1330
61;33;487;2025
61;34;507;2108
61;35;506;2104
61;36;569;2373
61;37;569;2373
61;38;579;2416
61;39;633;2642
61;40;629;2625
61;41;367;1537
61;42;385;1614
61;43;316;1327
61;44;310;1305
61;45;300;1259
61;46;248;1043
61;47;198;836
61;48;218;921
61;49;210;886
61;50;67;280
61;51;69;289
61;52;101;418
61;53;115;478
61;54;147;613
61;55;172;713
61;56;119;497
61;57;189;792
61;58;188;787
61;59;109;453
61;60;102;423
61;61;0;0
61;62;107;442
61;63;107;443
61;64;102;428
61;65;118;496
61;66;101;423
61;67;114;474
61;68;164;687
61;69;183;767
61;70;275;1153
61;71;285;1193
61;72;265;1110
61;73;250;1049
61;74;237;993
61;75;240;1005
61;76;247;1036
61;77;318;2240
62;1;1366;19064
62;2;535;4062
62;3;535;4062
62;4;535;4062
62;5;482;3840
62;6;352;3295
62;7;352;3295
62;8;461;3755
62;9;461;3755
62;10;461;3755
62;11;461;3755
62;12;461;3755
62;13;461;3755
62;14;365;3555
62;15;356;3519
62;16;340;3452
62;17;423;3792
62;18;446;3887
62;19;437;3849
62;20;383;3626
62;21;383;3626
62;22;383;3626
62;23;383;3624
62;24;432;3830
62;25;444;3880
62;26;444;3881
62;27;278;2069
62;28;286;2102
62;29;311;2207
62;30;310;2202
62;31;312;2209
62;32;361;1498
62;33;528;2193
62;34;548;2276
62;35;547;2272
62;36;610;2541
62;37;610;2541
62;38;620;2584
62;39;613;2561
62;40;609;2544
62;41;322;1347
62;42;340;1424
62;43;271;1137
62;44;265;1115
62;45;255;1069
62;46;203;853
62;47;153;646
62;48;173;731
62;49;165;696
62;50;92;384
62;51;94;393
62;52;126;522
62;53;156;646
62;54;188;781
62;55;213;881
62;56;160;665
62;57;230;960
62;58;229;955
62;59;150;621
62;60;143;591
62;61;107;442
62;62;0;0
62;63;9;39
62;64;45;192
62;65;61;260
62;66;44;187
62;67;57;238
62;68;119;497
62;69;138;577
62;70;230;963
62;71;240;1003
62;72;220;920
62;73;205;859
62;74;192;803
62;75;195;815
62;76;202;846
62;77;273;2050
63;1;1366;19065
63;2;535;4063
63;3;535;4063
63;4;535;4063
63;5;482;3841
63;6;352;3296
63;7;352;3296
63;8;461;3756
63;9;461;3756
63;10;461;3756
63;11;461;3756
63;12;461;3756
63;13;461;3756
63;14;365;3556
63;15;356;3520
63;16;340;3453
63;17;423;3793
63;18;446;3888
63;19;437;3850
63;20;383;3627
63;21;383;3627
63;22;383;3627
63;23;383;3625
63;24;432;3831
63;25;444;3881
63;26;444;3882
63;27;278;2070
63;28;286;2103
63;29;311;2208
63;30;310;2203
63;31;312;2210
63;32;361;1499
63;33;528;2194
63;34;548;2277
63;35;547;2273
63;36;610;2542
63;37;610;2542
63;38;620;2585
63;39;613;2562
63;40;609;2545
63;41;322;1348
63;42;340;1425
63;43;271;1138
63;44;265;1116
63;45;255;1070
63;46;203;854
63;47;153;647
63;48;173;732
63;49;165;697
63;50;92;385
63;51;94;394
63;52;126;523
63;53;156;647
63;54;188;782
63;55;213;882
63;56;160;666
63;57;230;961
63;58;229;956
63;59;150;622
63;60;143;592
63;61;107;443
63;62;9;39
63;63;0;0
63;64;45;193
63;65;61;261
63;66;44;188
63;67;57;239
63;68;119;498
63;69;138;578
63;70;230;964
63;71;240;1004
63;72;220;921
63;73;205;860
63;74;192;804
63;75;195;816
63;76;202;847
63;77;273;2051
64;1;1361;19050
64;2;530;4048
64;3;530;4048
64;4;530;4048
64;5;477;3826
64;6;347;3281
64;7;347;3281
64;8;456;3741
64;9;456;3741
64;10;456;3741
64;11;456;3741
64;12;456;3741
64;13;456;3741
64;14;360;3541
64;15;351;3505
64;16;335;3438
64;17;418;3778
64;18;441;3873
64;19;432;3835
64;20;378;3612
64;21;378;3612
64;22;378;3612
64;23;378;3610
64;24;427;3816
64;25;439;3866
64;26;439;3867
64;27;273;2055
64;28;281;2088
64;29;306;2193
64;30;305;2188
64;31;307;2195
64;32;356;1484
64;33;523;2179
64;34;543;2262
64;35;542;2258
64;36;605;2527
64;37;605;2527
64;38;615;2570
64;39;608;2547
64;40;604;2530
64;41;317;1333
64;42;335;1410
64;43;266;1123
64;44;260;1101
64;45;250;1055
64;46;198;839
64;47;148;632
64;48;168;717
64;49;160;682
64;50;87;370
64;51;89;379
64;52;121;508
64;53;151;632
64;54;183;767
64;55;208;867
64;56;155;651
64;57;225;946
64;58;224;941
64;59;145;607
64;60;138;577
64;61;102;428
64;62;45;192
64;63;45;193
64;64;0;0
64;65;22;94
64;66;7;33
64;67;34;146
64;68;114;483
64;69;133;563
64;70;225;949
64;71;235;989
64;72;215;906
64;73;200;845
64;74;187;789
64;75;190;801
64;76;197;832
64;77;268;2036
65;1;1377;19118
65;2;546;4118
65;3;546;4118
65;4;546;4118
65;5;493;3896
65;6;363;3351
65;7;363;3351
65;8;472;3811
65;9;472;3811
65;10;472;3811
65;11;472;3811
65;12;472;3811
65;13;472;3811
65;14;376;3611
65;15;367;3575
65;16;351;3508
65;17;434;3848
65;18;457;3943
65;19;448;3905
65;20;394;3682
65;21;394;3682
65;22;394;3682
65;23;394;3680
65;24;443;3886
65;25;455;3936
65;26;455;3937
65;27;289;2125
65;28;297;2158
65;29;322;2263
65;30;321;2258
65;31;323;2265
65;32;372;1552
65;33;539;2249
65;34;559;2332
65;35;558;2328
65;36;621;2597
65;37;621;2597
65;38;631;2640
65;39;624;2617
65;40;620;2600
65;41;333;1403
65;42;351;1480
65;43;282;1193
65;44;276;1171
65;45;266;1125
65;46;214;909
65;47;164;702
65;48;184;787
65;49;176;752
65;50;103;440
65;51;105;449
65;52;137;578
65;53;167;702
65;54;199;837
65;55;224;937
65;56;171;721
65;57;241;1016
65;58;240;1011
65;59;161;677
65;60;154;647
65;61;118;498
65;62;61;262
65;63;61;263
65;64;22;96
65;65;0;0
65;66;23;103
65;67;50;216
65;68;130;553
65;69;149;633
65;70;241;1019
65;71;251;1059
65;72;231;976
65;73;216;915
65;74;203;859
65;75;206;871
65;76;213;902
65;77;284;2106
66;1;1360;19045
66;2;529;4043
66;3;529;4043
66;4;529;4043
66;5;476;3821
66;6;346;3276
66;7;346;3276
66;8;455;3736
66;9;455;3736
66;10;455;3736
66;11;455;3736
66;12;455;3736
66;13;455;3736
66;14;359;3536
66;15;350;3500
66;16;334;3433
66;17;417;3773
66;18;440;3868
66;19;431;3830
66;20;377;3607
66;21;377;3607
66;22;377;3607
66;23;377;3605
66;24;426;3811
66;25;438;3861
66;26;438;3862
66;27;272;2050
66;28;280;2083
66;29;305;2188
66;30;304;2183
66;31;306;2190
66;32;355;1479
66;33;522;2174
66;34;542;2257
66;35;541;2253
66;36;604;2522
66;37;604;2522
66;38;614;2565
66;39;607;2542
66;40;603;2525
66;41;316;1328
66;42;334;1405
66;43;265;1118
66;44;259;1096
66;45;249;1050
66;46;197;834
66;47;147;627
66;48;167;712
66;49;159;677
66;50;86;365
66;51;88;374
66;52;120;503
66;53;150;627
66;54;182;762
66;55;207;862
66;56;154;646
66;57;224;941
66;58;223;936
66;59;144;602
66;60;137;572
66;61;101;423
66;62;44;187
66;63;44;188
66;64;7;33
66;65;23;101
66;66;0;0
66;67;33;141
66;68;113;478
66;69;132;558
66;70;224;944
66;71;234;984
66;72;214;901
66;73;199;840
66;74;186;784
66;75;189;796
66;76;196;827
66;77;267;2031
67;1;1373;19096
67;2;542;4094
67;3;542;4094
67;4;542;4094
67;5;489;3872
67;6;359;3327
67;7;359;3327
67;8;468;3787
67;9;468;3787
67;10;468;3787
67;11;468;3787
67;12;468;3787
67;13;468;3787
67;14;372;3587
67;15;363;3551
67;16;347;3484
67;17;430;3824
67;18;453;3919
67;19;444;3881
67;20;390;3658
67;21;390;3658
67;22;390;3658
67;23;390;3656
67;24;439;3862
67;25;451;3912
67;26;451;3913
67;27;285;2101
67;28;293;2134
67;29;318;2239
67;30;317;2234
67;31;319;2241
67;32;368;1530
67;33;535;2225
67;34;555;2308
67;35;554;2304
67;36;617;2573
67;37;617;2573
67;38;627;2616
67;39;620;2593
67;40;616;2576
67;41;329;1379
67;42;347;1456
67;43;278;1169
67;44;272;1147
67;45;262;1101
67;46;210;885
67;47;160;678
67;48;180;763
67;49;172;728
67;50;99;416
67;51;101;425
67;52;133;554
67;53;163;678
67;54;195;813
67;55;220;913
67;56;167;697
67;57;237;992
67;58;236;987
67;59;157;653
67;60;150;623
67;61;114;474
67;62;57;238
67;63;57;239
67;64;34;146
67;65;50;214
67;66;33;141
67;67;0;0
67;68;126;529
67;69;145;609
67;70;237;995
67;71;247;1035
67;72;227;952
67;73;212;891
67;74;199;835
67;75;202;847
67;76;209;878
67;77;280;2082
68;1;1295;18763
68;2;464;3761
68;3;464;3761
68;4;464;3761
68;5;411;3539
68;6;281;2994
68;7;281;2994
68;8;390;3454
68;9;390;3454
68;10;390;3454
68;11;390;3454
68;12;390;3454
68;13;390;3454
68;14;294;3254
68;15;285;3218
68;16;269;3151
68;17;352;3491
68;18;375;3586
68;19;366;3548
68;20;312;3325
68;21;312;3325
68;22;312;3325
68;23;312;3323
68;24;361;3529
68;25;373;3579
68;26;373;3580
68;27;207;1768
68;28;215;1801
68;29;240;1906
68;30;239;1901
68;31;241;1908
68;32;313;2215
68;33;585;2438
68;34;605;2521
68;35;604;2517
68;36;582;2425
68;37;582;2425
68;38;546;2276
68;39;514;2144
68;40;510;2127
68;41;251;1046
68;42;269;1123
68;43;200;836
68;44;194;814
68;45;184;768
68;46;132;552
68;47;82;345
68;48;102;430
68;49;94;395
68;50;149;629
68;51;151;638
68;52;183;767
68;53;213;891
68;54;245;1026
68;55;270;1126
68;56;217;910
68;57;287;1205
68;58;286;1200
68;59;207;866
68;60;200;836
68;61;164;687
68;62;119;497
68;63;119;498
68;64;114;483
68;65;130;551
68;66;113;478
68;67;126;529
68;68;0;0
68;69;29;120
68;70;131;546
68;71;141;586
68;72;121;503
68;73;106;442
68;74;93;386
68;75;96;398
68;76;103;429
68;77;202;1749
69;1;1314;18843
69;2;483;3841
69;3;483;3841
69;4;483;3841
69;5;430;3619
69;6;300;3074
69;7;300;3074
69;8;409;3534
69;9;409;3534
69;10;409;3534
69;11;409;3534
69;12;409;3534
69;13;409;3534
69;14;313;3334
69;15;304;3298
69;16;288;3231
69;17;371;3571
69;18;394;3666
69;19;385;3628
69;20;331;3405
69;21;331;3405
69;22;331;3405
69;23;331;3403
69;24;380;3609
69;25;392;3659
69;26;392;3660
69;27;226;1848
69;28;234;1881
69;29;259;1986
69;30;258;1981
69;31;260;1988
69;32;332;2295
69;33;604;2518
69;34;624;2601
69;35;623;2597
69;36;601;2505
69;37;601;2505
69;38;565;2356
69;39;533;2224
69;40;529;2207
69;41;270;1126
69;42;288;1203
69;43;219;916
69;44;213;894
69;45;203;848
69;46;151;632
69;47;101;425
69;48;121;510
69;49;113;475
69;50;168;709
69;51;170;718
69;52;202;847
69;53;232;971
69;54;264;1106
69;55;289;1206
69;56;236;990
69;57;306;1285
69;58;305;1280
69;59;226;946
69;60;219;916
69;61;183;767
69;62;138;577
69;63;138;578
69;64;133;563
69;65;149;631
69;66;132;558
69;67;145;609
69;68;29;120
69;69;0;0
69;70;150;626
69;71;160;666
69;72;140;583
69;73;125;522
69;74;112;466
69;75;115;478
69;76;122;509
69;77;221;1829
70;1;1406;19229
70;2;575;4227
70;3;575;4227
70;4;575;4227
70;5;522;4005
70;6;392;3460
70;7;392;3460
70;8;501;3920
70;9;501;3920
70;10;501;3920
70;11;501;3920
70;12;501;3920
70;13;501;3920
70;14;405;3720
70;15;396;3684
70;16;380;3617
70;17;463;3957
70;18;486;4052
70;19;477;4014
70;20;423;3791
70;21;423;3791
70;22;423;3791
70;23;423;3789
70;24;472;3995
70;25;484;4045
70;26;484;4046
70;27;318;2234
70;28;326;2267
70;29;351;2372
70;30;350;2367
70;31;352;2374
70;32;424;2681
70;33;691;2891
70;34;711;2974
70;35;632;2646
70;36;565;2361
70;37;565;2361
70;38;529;2212
70;39;497;2080
70;40;493;2063
70;41;362;1512
70;42;380;1589
70;43;311;1302
70;44;305;1280
70;45;295;1234
70;46;243;1018
70;47;193;811
70;48;213;896
70;49;205;861
70;50;260;1095
70;51;262;1104
70;52;294;1233
70;53;324;1357
70;54;356;1492
70;55;381;1592
70;56;328;1376
70;57;398;1671
70;58;397;1666
70;59;318;1332
70;60;311;1302
70;61;275;1153
70;62;230;963
70;63;230;964
70;64;225;949
70;65;241;1017
70;66;224;944
70;67;237;995
70;68;131;546
70;69;150;626
70;70;0;0
70;71;10;42
70;72;38;161
70;73;47;198
70;74;60;252
70;75;63;264
70;76;70;295
70;77;313;2215
71;1;1416;19269
71;2;585;4267
71;3;585;4267
71;4;585;4267
71;5;532;4045
71;6;402;3500
71;7;402;3500
71;8;511;3960
71;9;511;3960
71;10;511;3960
71;11;511;3960
71;12;511;3960
71;13;511;3960
71;14;415;3760
71;15;406;3724
71;16;390;3657
71;17;473;3997
71;18;496;4092
71;19;487;4054
71;20;433;3831
71;21;433;3831
71;22;433;3831
71;23;433;3829
71;24;482;4035
71;25;494;4085
71;26;494;4086
71;27;328;2274
71;28;336;2307
71;29;361;2412
71;30;360;2407
71;31;362;2414
71;32;434;2721
71;33;701;2931
71;34;721;3014
71;35;642;2686
71;36;575;2401
71;37;575;2401
71;38;539;2252
71;39;507;2120
71;40;503;2103
71;41;372;1552
71;42;390;1629
71;43;321;1342
71;44;315;1320
71;45;305;1274
71;46;253;1058
71;47;203;851
71;48;223;936
71;49;215;901
71;50;270;1135
71;51;272;1144
71;52;304;1273
71;53;334;1397
71;54;366;1532
71;55;391;1632
71;56;338;1416
71;57;408;1711
71;58;407;1706
71;59;328;1372
71;60;321;1342
71;61;285;1193
71;62;240;1003
71;63;240;1004
71;64;235;989
71;65;251;1057
71;66;234;984
71;67;247;1035
71;68;141;586
71;69;160;666
71;70;10;42
71;71;0;0
71;72;48;201
71;73;57;238
71;74;70;292
71;75;73;304
71;76;80;335
71;77;323;2255
72;1;1396;19186
72;2;565;4184
72;3;565;4184
72;4;565;4184
72;5;512;3962
72;6;382;3417
72;7;382;3417
72;8;491;3877
72;9;491;3877
72;10;491;3877
72;11;491;3877
72;12;491;3877
72;13;491;3877
72;14;395;3677
72;15;386;3641
72;16;370;3574
72;17;453;3914
72;18;476;4009
72;19;467;3971
72;20;413;3748
72;21;413;3748
72;22;413;3748
72;23;413;3746
72;24;462;3952
72;25;474;4002
72;26;474;4003
72;27;308;2191
72;28;316;2224
72;29;341;2329
72;30;340;2324
72;31;342;2331
72;32;414;2638
72;33;681;2848
72;34;701;2931
72;35;622;2603
72;36;555;2318
72;37;555;2318
72;38;519;2169
72;39;487;2037
72;40;483;2020
72;41;352;1469
72;42;370;1546
72;43;301;1259
72;44;295;1237
72;45;285;1191
72;46;233;975
72;47;183;768
72;48;203;853
72;49;195;818
72;50;250;1052
72;51;252;1061
72;52;284;1190
72;53;314;1314
72;54;346;1449
72;55;371;1549
72;56;318;1333
72;57;388;1628
72;58;387;1623
72;59;308;1289
72;60;301;1259
72;61;265;1110
72;62;220;920
72;63;220;921
72;64;215;906
72;65;231;974
72;66;214;901
72;67;227;952
72;68;121;503
72;69;140;583
72;70;38;161
72;71;48;201
72;72;0;0
72;73;37;155
72;74;50;209
72;75;53;221
72;76;60;252
72;77;303;2172
73;1;1381;19125
73;2;550;4123
73;3;550;4123
73;4;550;4123
73;5;497;3901
73;6;367;3356
73;7;367;3356
73;8;476;3816
73;9;476;3816
73;10;476;3816
73;11;476;3816
73;12;476;3816
73;13;476;3816
73;14;380;3616
73;15;371;3580
73;16;355;3513
73;17;438;3853
73;18;461;3948
73;19;452;3910
73;20;398;3687
73;21;398;3687
73;22;398;3687
73;23;398;3685
73;24;447;3891
73;25;459;3941
73;26;459;3942
73;27;293;2130
73;28;301;2163
73;29;326;2268
73;30;325;2263
73;31;327;2270
73;32;399;2577
73;33;666;2787
73;34;686;2870
73;35;607;2542
73;36;540;2257
73;37;540;2257
73;38;504;2108
73;39;472;1976
73;40;468;1959
73;41;337;1408
73;42;355;1485
73;43;286;1198
73;44;280;1176
73;45;270;1130
73;46;218;914
73;47;168;707
73;48;188;792
73;49;180;757
73;50;235;991
73;51;237;1000
73;52;269;1129
73;53;299;1253
73;54;331;1388
73;55;356;1488
73;56;303;1272
73;57;373;1567
73;58;372;1562
73;59;293;1228
73;60;286;1198
73;61;250;1049
73;62;205;859
73;63;205;860
73;64;200;845
73;65;216;913
73;66;199;840
73;67;212;891
73;68;106;442
73;69;125;522
73;70;47;198
73;71;57;238
73;72;37;155
73;73;0;0
73;74;35;148
73;75;38;160
73;76;45;191
73;77;288;2111
74;1;1368;19069
74;2;537;4067
74;3;537;4067
74;4;537;4067
74;5;484;3845
74;6;354;3300
74;7;354;3300
74;8;463;3760
74;9;463;3760
74;10;463;3760
74;11;463;3760
74;12;463;3760
74;13;463;3760
74;14;367;3560
74;15;358;3524
74;16;342;3457
74;17;425;3797
74;18;448;3892
74;19;439;3854
74;20;385;3631
74;21;385;3631
74;22;385;3631
74;23;385;3629
74;24;434;3835
74;25;446;3885
74;26;446;3886
74;27;280;2074
74;28;288;2107
74;29;313;2212
74;30;312;2207
74;31;314;2214
74;32;386;2521
74;33;653;2731
74;34;673;2814
74;35;594;2486
74;36;527;2201
74;37;527;2201
74;38;491;2052
74;39;459;1920
74;40;455;1903
74;41;324;1352
74;42;342;1429
74;43;273;1142
74;44;267;1120
74;45;257;1074
74;46;205;858
74;47;155;651
74;48;175;736
74;49;167;701
74;50;222;935
74;51;224;944
74;52;256;1073
74;53;286;1197
74;54;318;1332
74;55;343;1432
74;56;290;1216
74;57;360;1511
74;58;359;1506
74;59;280;1172
74;60;273;1142
74;61;237;993
74;62;192;803
74;63;192;804
74;64;187;789
74;65;203;857
74;66;186;784
74;67;199;835
74;68;93;386
74;69;112;466
74;70;60;252
74;71;70;292
74;72;50;209
74;73;35;148
74;74;0;0
74;75;3;14
74;76;11;45
74;77;275;2055
75;1;1371;19081
75;2;540;4079
75;3;540;4079
75;4;540;4079
75;5;487;3857
75;6;357;3312
75;7;357;3312
75;8;466;3772
75;9;466;3772
75;10;466;3772
75;11;466;3772
75;12;466;3772
75;13;466;3772
75;14;370;3572
75;15;361;3536
75;16;345;3469
75;17;428;3809
75;18;451;3904
75;19;442;3866
75;20;388;3643
75;21;388;3643
75;22;388;3643
75;23;388;3641
75;24;437;3847
75;25;449;3897
75;26;449;3898
75;27;283;2086
75;28;291;2119
75;29;316;2224
75;30;315;2219
75;31;317;2226
75;32;389;2533
75;33;656;2743
75;34;676;2826
75;35;597;2498
75;36;530;2213
75;37;530;2213
75;38;494;2064
75;39;462;1932
75;40;458;1915
75;41;327;1364
75;42;345;1441
75;43;276;1154
75;44;270;1132
75;45;260;1086
75;46;208;870
75;47;158;663
75;48;178;748
75;49;170;713
75;50;225;947
75;51;227;956
75;52;259;1085
75;53;289;1209
75;54;321;1344
75;55;346;1444
75;56;293;1228
75;57;363;1523
75;58;362;1518
75;59;283;1184
75;60;276;1154
75;61;240;1005
75;62;195;815
75;63;195;816
75;64;190;801
75;65;206;869
75;66;189;796
75;67;202;847
75;68;96;398
75;69;115;478
75;70;63;264
75;71;73;304
75;72;53;221
75;73;38;160
75;74;3;14
75;75;0;0
75;76;8;35
75;77;278;2067
76;1;1378;19112
76;2;547;4110
76;3;547;4110
76;4;547;4110
76;5;494;3888
76;6;364;3343
76;7;364;3343
76;8;473;3803
76;9;473;3803
76;10;473;3803
76;11;473;3803
76;12;473;3803
76;13;473;3803
76;14;377;3603
76;15;368;3567
76;16;352;3500
76;17;435;3840
76;18;458;3935
76;19;449;3897
76;20;395;3674
76;21;395;3674
76;22;395;3674
76;23;395;3672
76;24;444;3878
76;25;456;3928
76;26;456;3929
76;27;290;2117
76;28;298;2150
76;29;323;2255
76;30;322;2250
76;31;324;2257
76;32;396;2564
76;33;663;2774
76;34;683;2857
76;35;604;2529
76;36;537;2244
76;37;537;2244
76;38;501;2095
76;39;469;1963
76;40;465;1946
76;41;334;1395
76;42;352;1472
76;43;283;1185
76;44;277;1163
76;45;267;1117
76;46;215;901
76;47;165;694
76;48;185;779
76;49;177;744
76;50;232;978
76;51;234;987
76;52;266;1116
76;53;296;1240
76;54;328;1375
76;55;353;1475
76;56;300;1259
76;57;370;1554
76;58;369;1549
76;59;290;1215
76;60;283;1185
76;61;247;1036
76;62;202;846
76;63;202;847
76;64;197;832
76;65;213;900
76;66;196;827
76;67;209;878
76;68;103;429
76;69;122;509
76;70;70;295
76;71;80;335
76;72;60;252
76;73;45;191
76;74;11;45
76;75;8;35
76;76;0;0
76;77;285;2098
77;1;1215;17528
77;2;384;2526
77;3;384;2526
77;4;384;2526
77;5;331;2304
77;6;201;1759
77;7;201;1759
77;8;310;2219
77;9;310;2219
77;10;310;2219
77;11;310;2219
77;12;310;2219
77;13;310;2219
77;14;214;2019
77;15;205;1983
77;16;189;1916
77;17;272;2256
77;18;295;2351
77;19;286;2313
77;20;232;2090
77;21;232;2090
77;22;232;2090
77;23;232;2088
77;24;281;2294
77;25;293;2344
77;26;293;2345
77;27;19;81
77;28;27;114
77;29;56;236
77;30;57;240
77;31;53;221
77;32;233;980
77;33;534;2234
77;34;554;2317
77;35;553;2313
77;36;616;2582
77;37;616;2582
77;38;626;2625
77;39;680;2851
77;40;676;2834
77;41;380;2495
77;42;398;2572
77;43;329;2285
77;44;323;2263
77;45;313;2217
77;46;261;2001
77;47;211;1794
77;48;231;1879
77;49;223;1844
77;50;302;2182
77;51;304;2191
77;52;336;2320
77;53;366;2444
77;54;398;2579
77;55;423;2679
77;56;370;2463
77;57;440;2758
77;58;431;1812
77;59;360;2419
77;60;353;2389
77;61;317;2240
77;62;272;2050
77;63;272;2051
77;64;267;2036
77;65;283;2104
77;66;266;2031
77;67;279;2082
77;68;201;1749
77;69;220;1829
77;70;312;2215
77;71;322;2255
77;72;302;2172
77;73;287;2111
77;74;274;2055
77;75;277;2067
77;76;284;2098
77;77;0;0