Location ID From,Location ID To,Driving Time (s),Distance (m)
1,1,0,0
1,2,23,440
1,3,81,1551
1,4,301,5692
1,5,102,1961
1,6,103,1961
1,7,103,1972
1,8,104,1976
1,9,109,2067
1,10,93,1796
1,11,93,1786
1,12,103,1975
1,13,100,1924
1,14,98,1885
1,15,102,1977
1,16,114,2196
1,17,122,2353
1,18,44,825
1,19,58,1100
1,20,0,0
1,21,0,0
1,22,92,1689
1,23,102,1838
1,24,109,2128
1,25,10,188
1,26,0,0
1,27,20,387
1,28,12,228
1,29,23,440
1,30,102,1981
1,31,100,1942
1,32,97,1882
1,33,138,2571
1,34,142,2658
1,35,146,2695
1,36,164,3091
1,37,165,3103
1,38,167,3135
1,39,175,3284
1,40,124,2384
1,41,122,2332
1,42,121,2319
1,43,0,0
2,1,23,440
2,2,0,0
2,3,99,1903
2,4,319,6072
2,5,120,2313
2,6,121,2313
2,7,121,2324
2,8,122,2328
2,9,127,2419
2,10,111,2148
2,11,111,2138
2,12,121,2327
2,13,118,2276
2,14,116,2237
2,15,120,2329
2,16,132,2548
2,17,140,2705
2,18,62,1177
2,19,76,1452
2,20,23,440
2,21,23,440
2,22,110,2041
2,23,120,2190
2,24,127,2480
2,25,15,290
2,26,23,440
2,27,3,67
2,28,12,240
2,29,0,0
2,30,120,2333
2,31,118,2294
2,32,115,2234
2,33,156,2923
2,34,160,3010
2,35,164,3047
2,36,182,3443
2,37,183,3455
2,38,185,3487
2,39,193,3636
2,40,142,2734
2,41,140,2684
2,42,139,2671
2,43,23,440
3,1,78,1497
3,2,96,1849
3,3,0,0
3,4,235,4452
3,5,36,721
3,6,37,721
3,7,37,732
3,8,38,736
3,9,43,827
3,10,27,556
3,11,27,546
3,12,37,735
3,13,34,684
3,14,32,645
3,15,36,737
3,16,48,956
3,17,56,1113
3,18,58,1094
3,19,94,1807
3,20,78,1497
3,21,78,1497
3,22,114,2160
3,23,124,2309
3,24,43,888
3,25,83,1597
3,26,78,1497
3,27,93,1796
3,28,85,1637
3,29,96,1849
3,30,36,741
3,31,34,702
3,32,31,642
3,33,85,1642
3,34,89,1729
3,35,93,1766
3,36,111,2162
3,37,112,2174
3,38,114,2206
3,39,122,2355
3,40,58,1142
3,41,56,1092
3,42,55,1079
3,43,78,1497
4,1,68,1287
4,2,86,1639
4,3,88,1706
4,4,0,0
4,5,109,2116
4,6,110,2116
4,7,110,2127
4,8,111,2131
4,9,116,2222
4,10,100,1951
4,11,100,1941
4,12,110,2130
4,13,107,2079
4,14,105,2040
4,15,109,2132
4,16,121,2351
4,17,129,2508
4,18,41,788
4,19,84,1597
4,20,68,1287
4,21,68,1287
4,22,104,1923
4,23,114,2072
4,24,116,2283
4,25,73,1387
4,26,68,1287
4,27,83,1586
4,28,75,1427
4,29,86,1639
4,30,109,2136
4,31,107,2097
4,32,104,2037
4,33,127,2395
4,34,131,2482
4,35,135,2519
4,36,153,2915
4,37,154,2927
4,38,156,2959
4,39,164,3108
4,40,131,2537
4,41,129,2487
4,42,128,2474
4,43,68,1287
5,1,72,1364
5,2,90,1716
5,3,92,1783
5,4,235,4423
5,5,0,0
5,6,114,2193
5,7,114,2204
5,8,115,2208
5,9,120,2299
5,10,104,2028
5,11,104,2018
5,12,114,2207
5,13,111,2156
5,14,109,2117
5,15,113,2209
5,16,125,2428
5,17,133,2585
5,18,45,865
5,19,88,1674
5,20,72,1364
5,21,72,1364
5,22,108,2000
5,23,118,2149
5,24,120,2360
5,25,77,1464
5,26,72,1364
5,27,87,1663
5,28,79,1504
5,29,90,1716
5,30,113,2213
5,31,111,2174
5,32,108,2114
5,33,131,2472
5,34,135,2559
5,35,139,2596
5,36,157,2992
5,37,158,3004
5,38,160,3036
5,39,168,3185
5,40,135,2614
5,41,133,2564
5,42,132,2551
5,43,72,1364
6,1,118,2243
6,2,136,2595
6,3,52,992
6,4,222,4125
6,5,67,1278
6,6,0,0
6,7,12,193
6,8,13,197
6,9,18,288
6,10,58,1113
6,11,58,1103
6,12,68,1292
6,13,65,1241
6,14,63,1202
6,15,67,1294
6,16,79,1513
6,17,87,1670
6,18,98,1840
6,19,134,2553
6,20,118,2243
6,21,118,2243
6,22,154,2906
6,23,164,3055
6,24,30,561
6,25,123,2343
6,26,118,2243
6,27,133,2542
6,28,125,2383
6,29,136,2595
6,30,23,414
6,31,65,1259
6,32,62,1199
6,33,116,2199
6,34,120,2286
6,35,124,2323
6,36,142,2719
6,37,143,2731
6,38,145,2763
6,39,153,2912
6,40,89,1699
6,41,87,1649
6,42,86,1636
6,43,118,2243
7,1,118,2261
7,2,136,2613
7,3,52,1010
7,4,222,4143
7,5,67,1296
7,6,22,376
7,7,0,0
7,8,23,391
7,9,6,111
7,10,58,1131
7,11,58,1121
7,12,68,1310
7,13,65,1259
7,14,63,1220
7,15,67,1312
7,16,79,1531
7,17,87,1688
7,18,98,1858
7,19,134,2571
7,20,118,2261
7,21,118,2261
7,22,154,2924
7,23,164,3073
7,24,30,579
7,25,123,2361
7,26,118,2261
7,27,133,2560
7,28,125,2401
7,29,136,2613
7,30,23,432
7,31,65,1277
7,32,62,1217
7,33,116,2217
7,34,120,2304
7,35,124,2341
7,36,142,2737
7,37,143,2749
7,38,145,2781
7,39,153,2930
7,40,89,1717
7,41,87,1667
7,42,86,1654
7,43,118,2261
8,1,121,2303
8,2,139,2655
8,3,55,1052
8,4,225,4185
8,5,70,1338
8,6,25,418
8,7,4,58
8,8,0,0
8,9,9,153
8,10,61,1173
8,11,61,1163
8,12,71,1352
8,13,68,1301
8,14,66,1262
8,15,70,1354
8,16,82,1573
8,17,90,1730
8,18,101,1900
8,19,137,2613
8,20,121,2303
8,21,121,2303
8,22,157,2966
8,23,167,3115
8,24,33,621
8,25,126,2403
8,26,121,2303
8,27,136,2602
8,28,128,2443
8,29,139,2655
8,30,26,474
8,31,68,1319
8,32,65,1259
8,33,119,2259
8,34,123,2346
8,35,127,2383
8,36,145,2779
8,37,146,2791
8,38,148,2823
8,39,156,2972
8,40,92,1759
8,41,90,1709
8,42,89,1696
8,43,121,2303
9,1,113,2167
9,2,131,2519
9,3,47,916
9,4,217,4049
9,5,62,1202
9,6,17,282
9,7,17,293
9,8,18,297
9,9,0,0
9,10,53,1037
9,11,53,1027
9,12,63,1216
9,13,60,1165
9,14,58,1126
9,15,62,1218
9,16,74,1437
9,17,82,1594
9,18,93,1764
9,19,129,2477
9,20,113,2167
9,21,113,2167
9,22,149,2830
9,23,159,2979
9,24,25,485
9,25,118,2267
9,26,113,2167
9,27,128,2466
9,28,120,2307
9,29,131,2519
9,30,18,338
9,31,60,1183
9,32,57,1123
9,33,111,2123
9,34,115,2210
9,35,119,2247
9,36,137,2643
9,37,138,2655
9,38,140,2687
9,39,148,2836
9,40,84,1623
9,41,82,1573
9,42,81,1560
9,43,113,2167
10,1,84,1593
10,2,102,1945
10,3,104,2012
10,4,247,4652
10,5,13,247
10,6,126,2422
10,7,126,2433
10,8,127,2437
10,9,132,2528
10,10,0,0
10,11,4,72
10,12,11,215
10,13,11,210
10,14,9,171
10,15,10,197
10,16,22,416
10,17,30,573
10,18,57,1094
10,19,100,1903
10,20,84,1593
10,21,84,1593
10,22,120,2229
10,23,130,2378
10,24,132,2589
10,25,89,1693
10,26,84,1593
10,27,99,1892
10,28,91,1733
10,29,102,1945
10,30,125,2442
10,31,8,164
10,32,5,104
10,33,59,1102
10,34,63,1189
10,35,67,1226
10,36,85,1622
10,37,86,1634
10,38,88,1666
10,39,96,1815
10,40,32,604
10,41,30,552
10,42,29,539
10,43,84,1593
11,1,81,1533
11,2,99,1885
11,3,101,1952
11,4,244,4592
11,5,10,187
11,6,123,2362
11,7,123,2373
11,8,124,2377
11,9,129,2468
11,10,4,72
11,11,0,0
11,12,11,201
11,13,8,150
11,14,6,111
11,15,10,203
11,16,22,422
11,17,30,579
11,18,54,1034
11,19,97,1843
11,20,81,1533
11,21,81,1533
11,22,117,2169
11,23,127,2318
11,24,129,2529
11,25,86,1633
11,26,81,1533
11,27,96,1832
11,28,88,1673
11,29,99,1885
11,30,122,2382
11,31,11,218
11,32,8,158
11,33,59,1108
11,34,63,1195
11,35,67,1232
11,36,85,1628
11,37,86,1640
11,38,88,1672
11,39,96,1821
11,40,32,610
11,41,30,558
11,42,29,545
11,43,81,1533
12,1,84,1588
12,2,102,1940
12,3,104,2007
12,4,247,4647
12,5,13,242
12,6,126,2417
12,7,126,2428
12,8,127,2432
12,9,132,2523
12,10,11,215
12,11,11,201
12,12,0,0
12,13,3,67
12,14,6,110
12,15,3,74
12,16,15,293
12,17,23,450
12,18,57,1089
12,19,100,1898
12,20,84,1588
12,21,84,1588
12,22,120,2224
12,23,130,2373
12,24,132,2584
12,25,89,1688
12,26,84,1588
12,27,99,1887
12,28,91,1728
12,29,102,1940
12,30,125,2437
12,31,11,223
12,32,8,163
12,33,52,979
12,34,56,1066
12,35,60,1103
12,36,78,1499
12,37,79,1511
12,38,81,1543
12,39,89,1692
12,40,25,481
12,41,23,429
12,42,22,416
12,43,84,1588
13,1,81,1537
13,2,99,1889
13,3,101,1956
13,4,244,4596
13,5,10,191
13,6,123,2366
13,7,123,2377
13,8,124,2381
13,9,129,2472
13,10,11,210
13,11,8,150
13,12,3,67
13,13,0,0
13,14,3,59
13,15,3,69
13,16,15,288
13,17,23,445
13,18,54,1038
13,19,97,1847
13,20,81,1537
13,21,81,1537
13,22,117,2173
13,23,127,2322
13,24,129,2533
13,25,86,1637
13,26,81,1537
13,27,96,1836
13,28,88,1677
13,29,99,1889
13,30,122,2386
13,31,11,218
13,32,8,158
13,33,52,974
13,34,56,1061
13,35,60,1098
13,36,78,1494
13,37,79,1506
13,38,81,1538
13,39,89,1687
13,40,25,476
13,41,23,424
13,42,22,411
13,43,81,1537
14,1,79,1498
14,2,97,1850
14,3,99,1917
14,4,242,4557
14,5,8,152
14,6,121,2327
14,7,121,2338
14,8,122,2342
14,9,127,2433
14,10,9,171
14,11,6,111
14,12,6,110
14,13,3,59
14,14,0,0
14,15,5,112
14,16,17,331
14,17,25,488
14,18,52,999
14,19,95,1808
14,20,79,1498
14,21,79,1498
14,22,115,2134
14,23,125,2283
14,24,127,2494
14,25,84,1598
14,26,79,1498
14,27,94,1797
14,28,86,1638
14,29,97,1850
14,30,120,2347
14,31,13,261
14,32,10,201
14,33,54,1017
14,34,58,1104
14,35,62,1141
14,36,80,1537
14,37,81,1549
14,38,83,1581
14,39,91,1730
14,40,27,519
14,41,25,467
14,42,24,454
14,43,79,1498
15,1,83,1590
15,2,101,1942
15,3,103,2009
15,4,246,4649
15,5,12,244
15,6,125,2419
15,7,125,2430
15,8,126,2434
15,9,131,2525
15,10,10,197
15,11,10,203
15,12,3,74
15,13,3,69
15,14,5,112
15,15,0,0
15,16,13,246
15,17,21,403
15,18,56,1091
15,19,99,1900
15,20,83,1590
15,21,83,1590
15,22,119,2226
15,23,129,2375
15,24,131,2586
15,25,88,1690
15,26,83,1590
15,27,98,1889
15,28,90,1730
15,29,101,1942
15,30,124,2439
15,31,10,205
15,32,7,145
15,33,50,932
15,34,54,1019
15,35,58,1056
15,36,76,1452
15,37,77,1464
15,38,79,1496
15,39,87,1645
15,40,23,434
15,41,21,382
15,42,20,369
15,43,83,1590
16,1,86,1630
16,2,104,1982
16,3,106,2049
16,4,249,4689
16,5,15,284
16,6,128,2459
16,7,128,2470
16,8,129,2474
16,9,134,2565
16,10,22,416
16,11,22,422
16,12,15,293
16,13,15,288
16,14,17,331
16,15,13,246
16,16,0,0
16,17,9,191
16,18,59,1131
16,19,102,1940
16,20,86,1630
16,21,86,1630
16,22,122,2266
16,23,132,2415
16,24,134,2626
16,25,91,1730
16,26,86,1630
16,27,101,1929
16,28,93,1770
16,29,104,1982
16,30,127,2479
16,31,22,424
16,32,19,364
16,33,38,720
16,34,42,807
16,35,46,844
16,36,64,1240
16,37,65,1252
16,38,67,1284
16,39,75,1433
16,40,11,222
16,41,9,170
16,42,8,157
16,43,86,1630
17,1,94,1787
17,2,112,2139
17,3,114,2206
17,4,257,4846
17,5,23,441
17,6,136,2616
17,7,136,2627
17,8,137,2631
17,9,142,2722
17,10,30,573
17,11,30,579
17,12,23,450
17,13,23,445
17,14,25,488
17,15,21,403
17,16,9,191
17,17,0,0
17,18,67,1288
17,19,110,2097
17,20,94,1787
17,21,94,1787
17,22,130,2423
17,23,140,2572
17,24,142,2783
17,25,99,1887
17,26,94,1787
17,27,109,2086
17,28,101,1927
17,29,112,2139
17,30,135,2636
17,31,30,581
17,32,27,521
17,33,31,579
17,34,35,666
17,35,39,703
17,36,57,1099
17,37,58,1111
17,38,60,1143
17,39,68,1292
17,40,14,285
17,41,12,233
17,42,11,220
17,43,94,1787
18,1,69,1298
18,2,87,1650
18,3,89,1717
18,4,309,5858
18,5,110,2127
18,6,111,2127
18,7,111,2138
18,8,112,2142
18,9,117,2233
18,10,101,1962
18,11,101,1952
18,12,111,2141
18,13,108,2090
18,14,106,2051
18,15,110,2143
18,16,122,2362
18,17,126,2391
18,18,0,0
18,19,53,996
18,20,69,1298
18,21,69,1298
18,22,65,1178
18,23,75,1327
18,24,117,2294
18,25,74,1398
18,26,69,1298
18,27,84,1597
18,28,76,1438
18,29,87,1650
18,30,110,2147
18,31,108,2108
18,32,105,2048
18,33,106,1989
18,34,110,2076
18,35,114,2113
18,36,132,2509
18,37,133,2521
18,38,135,2553
18,39,143,2702
18,40,132,2548
18,41,130,2498
18,42,129,2485
18,43,69,1298
19,1,58,1100
19,2,76,1452
19,3,97,1861
19,4,317,6002
19,5,118,2271
19,6,119,2271
19,7,119,2282
19,8,120,2286
19,9,125,2377
19,10,109,2106
19,11,109,2096
19,12,119,2285
19,13,116,2234
19,14,114,2195
19,15,118,2287
19,16,130,2506
19,17,138,2663
19,18,50,957
19,19,0,0
19,20,58,1100
19,21,58,1100
19,22,79,1455
19,23,89,1604
19,24,125,2438
19,25,63,1200
19,26,58,1100
19,27,73,1399
19,28,65,1240
19,29,76,1452
19,30,118,2291
19,31,116,2252
19,32,113,2192
19,33,154,2903
19,34,158,2990
19,35,162,3027
19,36,180,3423
19,37,181,3435
19,38,183,3467
19,39,191,3616
19,40,140,2692
19,41,138,2642
19,42,137,2629
19,43,58,1100
20,1,0,0
20,2,23,440
20,3,81,1551
20,4,301,5692
20,5,102,1961
20,6,103,1961
20,7,103,1972
20,8,104,1976
20,9,109,2067
20,10,93,1796
20,11,93,1786
20,12,103,1975
20,13,100,1924
20,14,98,1885
20,15,102,1977
20,16,114,2196
20,17,122,2353
20,18,44,825
20,19,58,1100
20,20,0,0
20,21,0,0
20,22,92,1689
20,23,102,1838
20,24,109,2128
20,25,10,188
20,26,0,0
20,27,20,387
20,28,12,228
20,29,23,440
20,30,102,1981
20,31,100,1942
20,32,97,1882
20,33,138,2571
20,34,142,2658
20,35,146,2695
20,36,164,3091
20,37,165,3103
20,38,167,3135
20,39,175,3284
20,40,124,2384
20,41,122,2332
20,42,121,2319
20,43,0,0
21,1,0,0
21,2,23,440
21,3,81,1551
21,4,301,5692
21,5,102,1961
21,6,103,1961
21,7,103,1972
21,8,104,1976
21,9,109,2067
21,10,93,1796
21,11,93,1786
21,12,103,1975
21,13,100,1924
21,14,98,1885
21,15,102,1977
21,16,114,2196
21,17,122,2353
21,18,44,825
21,19,58,1100
21,20,0,0
21,21,0,0
21,22,92,1689
21,23,102,1838
21,24,109,2128
21,25,10,188
21,26,0,0
21,27,20,387
21,28,12,228
21,29,23,440
21,30,102,1981
21,31,100,1942
21,32,97,1882
21,33,138,2571
21,34,142,2658
21,35,146,2695
21,36,164,3091
21,37,165,3103
21,38,167,3135
21,39,175,3284
21,40,124,2384
21,41,122,2332
21,42,121,2319
21,43,0,0
22,1,97,1783
22,2,115,2135
22,3,117,2202
22,4,337,6343
22,5,138,2612
22,6,139,2612
22,7,139,2623
22,8,140,2627
22,9,145,2718
22,10,129,2447
22,11,129,2437
22,12,139,2626
22,13,136,2575
22,14,134,2536
22,15,138,2628
22,16,150,2847
22,17,158,3004
22,18,64,1165
22,19,76,1402
22,20,97,1783
22,21,97,1783
22,22,0,0
22,23,19,308
22,24,145,2779
22,25,102,1883
22,26,97,1783
22,27,112,2082
22,28,104,1923
22,29,115,2135
22,30,138,2632
22,31,136,2593
22,32,133,2533
22,33,168,3111
22,34,172,3198
22,35,176,3235
22,36,194,3631
22,37,195,3643
22,38,197,3675
22,39,205,3824
22,40,160,3033
22,41,158,2983
22,42,157,2970
22,43,97,1783
23,1,107,1932
23,2,125,2284
23,3,127,2351
23,4,347,6492
23,5,148,2761
23,6,149,2761
23,7,149,2772
23,8,150,2776
23,9,155,2867
23,10,139,2596
23,11,139,2586
23,12,149,2775
23,13,146,2724
23,14,144,2685
23,15,148,2777
23,16,160,2996
23,17,168,3153
23,18,74,1314
23,19,86,1551
23,20,107,1932
23,21,107,1932
23,22,19,308
23,23,0,0
23,24,155,2928
23,25,112,2032
23,26,107,1932
23,27,122,2231
23,28,114,2072
23,29,125,2284
23,30,148,2781
23,31,146,2742
23,32,143,2682
23,33,178,3260
23,34,182,3347
23,35,186,3384
23,36,204,3780
23,37,205,3792
23,38,207,3824
23,39,215,3973
23,40,170,3182
23,41,168,3132
23,42,167,3119
23,43,107,1932
24,1,107,2076
24,2,125,2428
24,3,41,825
24,4,196,3689
24,5,56,1111
24,6,40,764
24,7,40,775
24,8,41,779
24,9,46,870
24,10,47,946
24,11,47,936
24,12,57,1125
24,13,54,1074
24,14,52,1035
24,15,56,1127
24,16,68,1346
24,17,76,1503
24,18,87,1673
24,19,123,2386
24,20,107,2076
24,21,107,2076
24,22,143,2739
24,23,153,2888
24,24,0,0
24,25,112,2176
24,26,107,2076
24,27,122,2375
24,28,114,2216
24,29,125,2428
24,30,39,784
24,31,54,1092
24,32,51,1032
24,33,105,2032
24,34,109,2119
24,35,113,2156
24,36,131,2552
24,37,132,2564
24,38,134,2596
24,39,142,2745
24,40,78,1532
24,41,76,1482
24,42,75,1469
24,43,107,2076
25,1,10,188
25,2,15,290
25,3,86,1651
25,4,306,5792
25,5,107,2061
25,6,108,2061
25,7,108,2072
25,8,109,2076
25,9,114,2167
25,10,98,1896
25,11,98,1886
25,12,108,2075
25,13,105,2024
25,14,103,1985
25,15,107,2077
25,16,119,2296
25,17,127,2453
25,18,49,925
25,19,63,1200
25,20,10,188
25,21,10,188
25,22,97,1789
25,23,107,1938
25,24,114,2228
25,25,0,0
25,26,10,188
25,27,12,237
25,28,4,78
25,29,15,290
25,30,107,2081
25,31,105,2042
25,32,102,1982
25,33,143,2671
25,34,147,2758
25,35,151,2795
25,36,169,3191
25,37,170,3203
25,38,172,3235
25,39,180,3384
25,40,129,2482
25,41,127,2432
25,42,126,2419
25,43,10,188
26,1,0,0
26,2,23,440
26,3,81,1551
26,4,301,5692
26,5,102,1961
26,6,103,1961
26,7,103,1972
26,8,104,1976
26,9,109,2067
26,10,93,1796
26,11,93,1786
26,12,103,1975
26,13,100,1924
26,14,98,1885
26,15,102,1977
26,16,114,2196
26,17,122,2353
26,18,44,825
26,19,58,1100
26,20,0,0
26,21,0,0
26,22,92,1689
26,23,102,1838
26,24,109,2128
26,25,10,188
26,26,0,0
26,27,20,387
26,28,12,228
26,29,23,440
26,30,102,1981
26,31,100,1942
26,32,97,1882
26,33,138,2571
26,34,142,2658
26,35,146,2695
26,36,164,3091
26,37,165,3103
26,38,167,3135
26,39,175,3284
26,40,124,2384
26,41,122,2332
26,42,121,2319
26,43,0,0
27,1,20,387
27,2,3,67
27,3,96,1850
27,4,316,5991
27,5,117,2260
27,6,118,2260
27,7,118,2271
27,8,119,2275
27,9,124,2366
27,10,108,2095
27,11,108,2085
27,12,118,2274
27,13,115,2223
27,14,113,2184
27,15,117,2276
27,16,129,2495
27,17,137,2652
27,18,59,1124
27,19,73,1399
27,20,20,387
27,21,20,387
27,22,107,1988
27,23,117,2137
27,24,124,2427
27,25,12,237
27,26,20,387
27,27,0,0
27,28,9,187
27,29,3,67
27,30,117,2280
27,31,115,2241
27,32,112,2181
27,33,153,2870
27,34,157,2957
27,35,161,2994
27,36,179,3390
27,37,180,3402
27,38,182,3434
27,39,190,3583
27,40,139,2681
27,41,137,2631
27,42,136,2618
27,43,20,387
28,1,12,228
28,2,12,240
28,3,88,1691
28,4,308,5832
28,5,109,2101
28,6,110,2101
28,7,110,2112
28,8,111,2116
28,9,116,2207
28,10,100,1936
28,11,100,1926
28,12,110,2115
28,13,107,2064
28,14,105,2025
28,15,109,2117
28,16,121,2336
28,17,129,2493
28,18,51,965
28,19,65,1240
28,20,12,228
28,21,12,228
28,22,99,1829
28,23,109,1978
28,24,116,2268
28,25,4,78
28,26,12,228
28,27,9,187
28,28,0,0
28,29,12,240
28,30,109,2121
28,31,107,2082
28,32,104,2022
28,33,145,2711
28,34,149,2798
28,35,153,2835
28,36,171,3231
28,37,172,3243
28,38,174,3275
28,39,182,3424
28,40,131,2522
28,41,129,2472
28,42,128,2459
28,43,12,228
29,1,23,440
29,2,0,0
29,3,99,1903
29,4,319,6072
29,5,120,2313
29,6,121,2313
29,7,121,2324
29,8,122,2328
29,9,127,2419
29,10,111,2148
29,11,111,2138
29,12,121,2327
29,13,118,2276
29,14,116,2237
29,15,120,2329
29,16,132,2548
29,17,140,2705
29,18,62,1177
29,19,76,1452
29,20,23,440
29,21,23,440
29,22,110,2041
29,23,120,2190
29,24,127,2480
29,25,15,290
29,26,23,440
29,27,3,67
29,28,12,240
29,29,0,0
29,30,120,2333
29,31,118,2294
29,32,115,2234
29,33,156,2923
29,34,160,3010
29,35,164,3047
29,36,182,3443
29,37,183,3455
29,38,185,3487
29,39,193,3636
29,40,142,2734
29,41,140,2684
29,42,139,2671
29,43,23,440
30,1,116,2259
30,2,134,2611
30,3,50,1008
30,4,203,3815
30,5,65,1294
30,6,49,947
30,7,49,958
30,8,50,962
30,9,55,1053
30,10,56,1129
30,11,56,1119
30,12,66,1308
30,13,63,1257
30,14,61,1218
30,15,65,1310
30,16,77,1529
30,17,85,1686
30,18,96,1856
30,19,132,2569
30,20,116,2259
30,21,116,2259
30,22,152,2922
30,23,162,3071
30,24,11,223
30,25,121,2359
30,26,116,2259
30,27,131,2558
30,28,123,2399
30,29,134,2611
30,30,0,0
30,31,63,1275
30,32,60,1215
30,33,114,2215
30,34,118,2302
30,35,122,2339
30,36,140,2735
30,37,141,2747
30,38,143,2779
30,39,151,2928
30,40,87,1715
30,41,85,1665
30,42,84,1652
30,43,116,2259
31,1,91,1739
31,2,109,2091
31,3,111,2158
31,4,254,4798
31,5,20,393
31,6,133,2568
31,7,133,2579
31,8,134,2583
31,9,139,2674
31,10,8,164
31,11,11,218
31,12,11,223
31,13,11,218
31,14,13,261
31,15,10,205
31,16,22,424
31,17,30,581
31,18,64,1240
31,19,107,2049
31,20,91,1739
31,21,91,1739
31,22,127,2375
31,23,137,2524
31,24,139,2735
31,25,96,1839
31,26,91,1739
31,27,106,2038
31,28,98,1879
31,29,109,2091
31,30,132,2588
31,31,0,0
31,32,5,112
31,33,59,1110
31,34,63,1197
31,35,67,1234
31,36,85,1630
31,37,86,1642
31,38,88,1674
31,39,96,1823
31,40,32,612
31,41,30,560
31,42,29,547
31,43,91,1739
32,1,88,1679
32,2,106,2031
32,3,108,2098
32,4,251,4738
32,5,17,333
32,6,130,2508
32,7,130,2519
32,8,131,2523
32,9,136,2614
32,10,5,104
32,11,8,158
32,12,8,163
32,13,8,158
32,14,10,201
32,15,7,145
32,16,19,364
32,17,27,521
32,18,61,1180
32,19,104,1989
32,20,88,1679
32,21,88,1679
32,22,124,2315
32,23,134,2464
32,24,136,2675
32,25,93,1779
32,26,88,1679
32,27,103,1978
32,28,95,1819
32,29,106,2031
32,30,129,2528
32,31,5,112
32,32,0,0
32,33,56,1050
32,34,60,1137
32,35,64,1174
32,36,82,1570
32,37,83,1582
32,38,85,1614
32,39,93,1763
32,40,29,552
32,41,27,500
32,42,26,487
32,43,88,1679
33,1,122,2311
33,2,140,2663
33,3,142,2730
33,4,285,5370
33,5,51,965
33,6,164,3140
33,7,164,3151
33,8,165,3155
33,9,170,3246
33,10,58,1097
33,11,58,1103
33,12,51,974
33,13,51,969
33,14,53,1012
33,15,49,927
33,16,37,715
33,17,30,574
33,18,95,1812
33,19,138,2621
33,20,122,2311
33,21,122,2311
33,22,158,2974
33,23,168,3123
33,24,170,3307
33,25,127,2411
33,26,122,2311
33,27,137,2610
33,28,129,2451
33,29,140,2663
33,30,163,3160
33,31,58,1105
33,32,55,1045
33,33,0,0
33,34,10,179
33,35,10,158
33,36,32,612
33,37,33,624
33,38,35,656
33,39,43,805
33,40,42,809
33,41,40,757
33,42,39,744
33,43,122,2311
34,1,126,2398
34,2,144,2750
34,3,146,2817
34,4,289,5457
34,5,55,1052
34,6,168,3227
34,7,168,3238
34,8,169,3242
34,9,174,3333
34,10,62,1184
34,11,62,1190
34,12,55,1061
34,13,55,1056
34,14,57,1099
34,15,53,1014
34,16,41,802
34,17,34,661
34,18,99,1899
34,19,142,2708
34,20,126,2398
34,21,126,2398
34,22,162,3061
34,23,172,3210
34,24,174,3394
34,25,131,2498
34,26,126,2398
34,27,141,2697
34,28,133,2538
34,29,144,2750
34,30,167,3247
34,31,62,1192
34,32,59,1132
34,33,10,179
34,34,0,0
34,35,18,303
34,36,24,479
34,37,25,491
34,38,27,523
34,39,35,672
34,40,46,896
34,41,44,844
34,42,43,831
34,43,126,2398
35,1,130,2435
35,2,148,2787
35,3,150,2854
35,4,293,5494
35,5,59,1089
35,6,172,3264
35,7,172,3275
35,8,173,3279
35,9,178,3370
35,10,66,1221
35,11,66,1227
35,12,59,1098
35,13,59,1093
35,14,61,1136
35,15,57,1051
35,16,45,839
35,17,38,698
35,18,103,1936
35,19,146,2745
35,20,130,2435
35,21,130,2435
35,22,166,3071
35,23,176,3220
35,24,178,3431
35,25,135,2535
35,26,130,2435
35,27,145,2734
35,28,137,2575
35,29,148,2787
35,30,171,3284
35,31,66,1229
35,32,63,1169
35,33,10,158
35,34,18,303
35,35,0,0
35,36,40,736
35,37,41,748
35,38,43,780
35,39,51,929
35,40,50,933
35,41,48,881
35,42,47,868
35,43,130,2435
36,1,148,2831
36,2,166,3183
36,3,168,3250
36,4,311,5890
36,5,77,1485
36,6,190,3660
36,7,190,3671
36,8,191,3675
36,9,196,3766
36,10,84,1617
36,11,84,1623
36,12,77,1494
36,13,77,1489
36,14,79,1532
36,15,75,1447
36,16,63,1235
36,17,56,1094
36,18,121,2332
36,19,164,3141
36,20,148,2831
36,21,148,2831
36,22,184,3467
36,23,194,3616
36,24,196,3827
36,25,153,2931
36,26,148,2831
36,27,163,3130
36,28,155,2971
36,29,166,3183
36,30,189,3680
36,31,84,1625
36,32,81,1565
36,33,32,612
36,34,24,479
36,35,40,736
36,36,0,0
36,37,3,56
36,38,5,88
36,39,31,591
36,40,68,1329
36,41,66,1277
36,42,65,1264
36,43,148,2831
37,1,149,2843
37,2,167,3195
37,3,169,3262
37,4,312,5902
37,5,78,1497
37,6,191,3672
37,7,191,3683
37,8,192,3687
37,9,197,3778
37,10,85,1629
37,11,85,1635
37,12,78,1506
37,13,78,1501
37,14,80,1544
37,15,76,1459
37,16,64,1247
37,17,57,1106
37,18,122,2344
37,19,165,3153
37,20,149,2843
37,21,149,2843
37,22,185,3479
37,23,195,3628
37,24,197,3839
37,25,154,2943
37,26,149,2843
37,27,164,3142
37,28,156,2983
37,29,167,3195
37,30,190,3692
37,31,85,1637
37,32,82,1577
37,33,33,624
37,34,25,491
37,35,41,748
37,36,3,56
37,37,0,0
37,38,4,78
37,39,32,603
37,40,69,1341
37,41,67,1289
37,42,66,1276
37,43,149,2843
38,1,151,2875
38,2,169,3227
38,3,171,3294
38,4,314,5934
38,5,80,1529
38,6,193,3704
38,7,193,3715
38,8,194,3719
38,9,199,3810
38,10,87,1661
38,11,87,1667
38,12,80,1538
38,13,80,1533
38,14,82,1576
38,15,78,1491
38,16,66,1279
38,17,59,1138
38,18,124,2376
38,19,167,3185
38,20,151,2875
38,21,151,2875
38,22,187,3511
38,23,197,3660
38,24,199,3871
38,25,156,2975
38,26,151,2875
38,27,166,3174
38,28,158,3015
38,29,169,3227
38,30,192,3724
38,31,87,1669
38,32,84,1609
38,33,35,656
38,34,27,523
38,35,43,780
38,36,5,88
38,37,4,78
38,38,0,0
38,39,34,635
38,40,71,1373
38,41,69,1321
38,42,68,1308
38,43,151,2875
39,1,123,2343
39,2,141,2695
39,3,143,2762
39,4,341,6428
39,5,115,2218
39,6,165,3172
39,7,165,3183
39,8,166,3187
39,9,171,3278
39,10,122,2350
39,11,122,2356
39,12,115,2227
39,13,115,2222
39,14,117,2265
39,15,113,2180
39,16,101,1968
39,17,94,1827
39,18,96,1844
39,19,139,2653
39,20,123,2343
39,21,123,2343
39,22,159,3006
39,23,169,3155
39,24,171,3339
39,25,128,2443
39,26,123,2343
39,27,138,2642
39,28,130,2483
39,29,141,2695
39,30,164,3192
39,31,122,2358
39,32,119,2298
39,33,70,1345
39,34,62,1212
39,35,78,1469
39,36,58,1131
39,37,59,1143
39,38,61,1175
39,39,0,0
39,40,106,2062
39,41,104,2010
39,42,103,1997
39,43,123,2343
40,1,96,1818
40,2,114,2170
40,3,116,2237
40,4,259,4877
40,5,25,472
40,6,138,2647
40,7,138,2658
40,8,139,2662
40,9,144,2753
40,10,32,604
40,11,32,610
40,12,25,481
40,13,25,476
40,14,27,519
40,15,23,434
40,16,11,222
40,17,14,285
40,18,69,1319
40,19,112,2128
40,20,96,1818
40,21,96,1818
40,22,132,2454
40,23,142,2603
40,24,144,2814
40,25,101,1918
40,26,96,1818
40,27,111,2117
40,28,103,1958
40,29,114,2170
40,30,137,2667
40,31,32,612
40,32,29,552
40,33,43,814
40,34,47,901
40,35,51,938
40,36,69,1334
40,37,70,1346
40,38,72,1378
40,39,80,1527
40,40,0,0
40,41,6,110
40,42,7,129
40,43,96,1818
41,1,94,1766
41,2,112,2118
41,3,114,2185
41,4,257,4825
41,5,23,420
41,6,136,2595
41,7,136,2606
41,8,137,2610
41,9,142,2701
41,10,30,552
41,11,30,558
41,12,23,429
41,13,23,424
41,14,25,467
41,15,21,382
41,16,9,170
41,17,12,233
41,18,67,1267
41,19,110,2076
41,20,94,1766
41,21,94,1766
41,22,130,2402
41,23,140,2551
41,24,142,2762
41,25,99,1866
41,26,94,1766
41,27,109,2065
41,28,101,1906
41,29,112,2118
41,30,135,2615
41,31,30,560
41,32,27,500
41,33,41,762
41,34,45,849
41,35,49,886
41,36,67,1282
41,37,68,1294
41,38,70,1326
41,39,78,1475
41,40,6,110
41,41,0,0
41,42,4,77
41,43,94,1766
42,1,93,1753
42,2,111,2105
42,3,113,2172
42,4,256,4812
42,5,22,407
42,6,135,2582
42,7,135,2593
42,8,136,2597
42,9,141,2688
42,10,29,539
42,11,29,545
42,12,22,416
42,13,22,411
42,14,24,454
42,15,20,369
42,16,8,157
42,17,11,220
42,18,66,1254
42,19,109,2063
42,20,93,1753
42,21,93,1753
42,22,129,2389
42,23,139,2538
42,24,141,2749
42,25,98,1853
42,26,93,1753
42,27,108,2052
42,28,100,1893
42,29,111,2105
42,30,134,2602
42,31,29,547
42,32,26,487
42,33,40,749
42,34,44,836
42,35,48,873
42,36,66,1269
42,37,67,1281
42,38,69,1313
42,39,77,1462
42,40,7,129
42,41,4,77
42,42,0,0
42,43,93,1753
43,1,0,0
43,2,23,440
43,3,81,1551
43,4,301,5692
43,5,102,1961
43,6,103,1961
43,7,103,1972
43,8,104,1976
43,9,109,2067
43,10,93,1796
43,11,93,1786
43,12,103,1975
43,13,100,1924
43,14,98,1885
43,15,102,1977
43,16,114,2196
43,17,122,2353
43,18,44,825
43,19,58,1100
43,20,0,0
43,21,0,0
43,22,92,1689
43,23,102,1838
43,24,109,2128
43,25,10,188
43,26,0,0
43,27,20,387
43,28,12,228
43,29,23,440
43,30,102,1981
43,31,100,1942
43,32,97,1882
43,33,138,2571
43,34,142,2658
43,35,146,2695
43,36,164,3091
43,37,165,3103
43,38,167,3135
43,39,175,3284
43,40,124,2384
43,41,122,2332
43,42,121,2319
43,43,0,0
